Title,URL
"Gossip: Are Liverpool closing in on Koulibaly, Buendia & Thiago Alcantara? | Transfer Target",https://www.youtube.com/watch?v=GzSBboiJI_4
"Gossip: Can Chelsea really sign Kai Havertz, Ben Chilwell & Cristiano Ronaldo? | Transfer Target",https://www.youtube.com/watch?v=jdIPG6qSnwA
Arsenal's back three sloppy against Spurs - Keown | BBC Sport,https://www.youtube.com/watch?v=4NMBTM-S78I
Can Chunkz win it for Arsenal in beer goggles? | PENALTIES WITH YUNG FILLY & CHUNKZ,https://www.youtube.com/watch?v=N4r50EGA8C8
Man Utd will play Chelsea for the fourth year running | FA Cup Magic,https://www.youtube.com/watch?v=VuoiF25tiTQ
League of Legends explained by the experts | BBC esports,https://www.youtube.com/watch?v=yMLOvh6_1zY
Is it all over for Aston Villa? | Match of the Day 2,https://www.youtube.com/watch?v=jp2IZQ9mz8M
Big Zuu's incredible freestyle for Premier League champions Liverpool,https://www.youtube.com/watch?v=fcR6rVF8tqE
Liverpool fans embarrass Man City fans in dizzy penalties | PENALTIES WITH YUNG FILLY,https://www.youtube.com/watch?v=3JDerRTueMw
Ben Chilwell explains what it's like to play against Lionel Messi | MOTDxyz,https://www.youtube.com/watch?v=wftc_bm387k
Who went hardest at Liverpool's Premier League title party?,https://www.youtube.com/watch?v=fBOXuApiTFM
Aitch & AJ Tracey pick dream football Glastonbury Festival line-up,https://www.youtube.com/watch?v=JrbJ4h5fYOI
FOUR FA Cup quarter-final CRACKERS | FA Cup Magic,https://www.youtube.com/watch?v=V_X3P-eOCTI
Newcastle 'better' under Bruce than Benitez | Match of the Day 2,https://www.youtube.com/watch?v=AVc8KfUBYkA
Everton fans show up in slip n slide derby | PENALTIES WITH YUNG FILLY & CHUNKZ,https://www.youtube.com/watch?v=ZQDAzESfhxg
How Newcastle could look next season? | TRANSFER TARGET,https://www.youtube.com/watch?v=vwzJ_geeFfg
Fans React: The Premier League is back | BBC Sport,https://www.youtube.com/watch?v=1i3IUDH0lec
Kickstart your football fitness with Bradley Simmonds | BBC Sport,https://www.youtube.com/watch?v=hoRO55G6H3E
Katelyn Ohashi: how to do a handstand | BBC Sport,https://www.youtube.com/watch?v=gZ_gkUNvEZk
"Bale, Hazard, Robben: Who is West Ham's Jarrod Bowen most like? | MOTDx",https://www.youtube.com/watch?v=1acgl7czHpU
Football's coming back but how do fans feel about it? | MOTDx,https://www.youtube.com/watch?v=H9AhD3r6ykw
Cook Kevin De Bruyne's carbonara with a twist | EAT LIKE A PRO,https://www.youtube.com/watch?v=NDki5pA-YJs
Reece Parkinson's nightmare trial at Hashtag United | MOTDx,https://www.youtube.com/watch?v=CPhOOLBe79o
Jesse Lingard on how it feels to score the winner in an FA Cup final | MOTDx,https://www.youtube.com/watch?v=mWS3AsggV1Y
Ashley Cole on the real reason he wanted to leave Arsenal for Chelsea | MOTD,https://www.youtube.com/watch?v=WovuaD5hdR4
The Gerrard Final - Liverpool v West Ham 2006 - FULL HIGHLIGHTS | FA Cup Magic,https://www.youtube.com/watch?v=xMCQg27GlKI
Cook John Terry's favourite vegan nachos | EAT LIKE A PRO,https://www.youtube.com/watch?v=cd1rM5XF_GA
SEVEN great FA Cup final goals you may have forgotten | FA Cup magic,https://www.youtube.com/watch?v=MklvYy7eOk0
"How Sonny Bill Williams, Adil Rashid and Muhamed Besic are coping in lockdown | Ramadan 2020",https://www.youtube.com/watch?v=E-NzNbkQhNs
All the finals from the 2010s | FA Cup Magic,https://www.youtube.com/watch?v=F_hzZqhPdeA
All the finals from the 2000s | FA Cup Magic,https://www.youtube.com/watch?v=bEv6NT-p8yg
The making of Jurgen Klopp,https://www.youtube.com/watch?v=zCWzeBjbDd4
Vincent Kompany says Manchester United 'threw away' title in 2012 | MOTD,https://www.youtube.com/watch?v=T_DTI3PvFqk
"Jurgen Klopp on missing the boys, Gary Neville's opinions & bumping into Gerrard",https://www.youtube.com/watch?v=yYrBwSnXiiI
Cook Troy Deeney's favourite Thai green curry | EAT LIKE A PRO,https://www.youtube.com/watch?v=r_I3PuWj2R8
Brandon Williams shows MOTDx where he grew up,https://www.youtube.com/watch?v=Vi5jn96eHGk
"Mini Messi, Alves's dancing with a monkey and more insane clips | Quarantine & Chill",https://www.youtube.com/watch?v=gLFtg8L6yvc
Paul Pogba likes his steak well-done | EAT LIKE A PRO,https://www.youtube.com/watch?v=Bn62TCHBgMY
Tammy Abraham talks jollof & challenges Reece to workout with James Leung | MOTDx,https://www.youtube.com/watch?v=6j8xRPiohdU
How Phil Neville knew his time at Manchester United was over | MOTD,https://www.youtube.com/watch?v=2MsraKsnN8s
James Maddison triumphs in dramatic ePL final day | BBC Sport,https://www.youtube.com/watch?v=bcTd4Bfnics
Quarantine Quiz | BBC Sport,https://www.youtube.com/watch?v=VboQvMHMD-k
Maddison backs up trash-talk and international teammates collide in Fifa | BBC Sport,https://www.youtube.com/watch?v=NYJW2yO3AaM
"Walk offs, batterings and last second winners in Fifa tournament | ePremier League",https://www.youtube.com/watch?v=MqBFlt7lXls
Can Tony Bellew trade blows on FIFA? SPOILER ALERT! NO! | ePL Invitational,https://www.youtube.com/watch?v=vYQHSH8RZC4
Jofra Archer plays for Man Utd... on FIFA | ePL Invitational 2,https://www.youtube.com/watch?v=iF7jx3LwPyE
Dom Calvert-Lewin's isolation playlist ft. Train Guy | MOTDx,https://www.youtube.com/watch?v=bU7nGfSsKb4
How Wenger's Arsenal turned the tables on Manchester United,https://www.youtube.com/watch?v=WDhyTTqIlKI
Quarantine Quiz | BBC Sport,https://www.youtube.com/watch?v=BwGpt0MDYwk
"MBAPPE dunks, SCHOLES bakes and MILNER on the perfect cup of tea? | Quarantine & Chill",https://www.youtube.com/watch?v=L0SQTiwxMDc
Cook Ilkay Gundogan's favourite vegan burger | EAT LIKE A PRO,https://www.youtube.com/watch?v=JaqU787d24Q
Try Jesse Lingard's hardcore 40 minute home workout,https://www.youtube.com/watch?v=glHWxV7PXO8
Seven Team GB stay-at-home Olympics clips,https://www.youtube.com/watch?v=QGzfBJsJ42E
James Milner's core strength is a joke | MOTDx,https://www.youtube.com/watch?v=NAOYt3bSOSs
"'People say they don't have any regrets. Well, I do' - Danny Murphy on leaving Liverpool",https://www.youtube.com/watch?v=aehEQFJ2ptc
Jota beats Alexander-Arnold to win ePL title | BBC Sport,https://www.youtube.com/watch?v=i_ioHEJ2KzM
Quarantine Quiz | BBC Sport,https://www.youtube.com/watch?v=XDXv4rI7TkI
11 times athletes showed off their SKILLS in the garden this week! | QUARANTINE & CHILL,https://www.youtube.com/watch?v=BTaovYilF1g
Sweaty palms & barking dogs – Sterling & Alexander-Arnold through to ePL semi finals,https://www.youtube.com/watch?v=AEuPZ78tJXc
Shocks and plenty of goals in Fifa tournament last 16 | ePremier League,https://www.youtube.com/watch?v=0ujwkpCOCBM
'Disgusting and crucial' - goal controversy in Zaha v Sterling thriller | ePremier League,https://www.youtube.com/watch?v=tPYhgC2ArLs
PREMIER LEAGUE players working from home! | QUARANTINE & CHILL,https://www.youtube.com/watch?v=pjcFiSC2Gzs
Goals galore on day one of ePremier League FIFA 20 Invitational,https://www.youtube.com/watch?v=U0hWm6sIfz8
Troy Deeney salutes Jordan Henderson & explains the Premier League captains' group chat,https://www.youtube.com/watch?v=zK8LKjSkxa0
From Giggs to Gazza these 90s semi-finals are CLASSICS | FA Cup Magic,https://www.youtube.com/watch?v=jA8z_-de7O4
Ian Wright re-lives the game that changed his life | MOTD,https://www.youtube.com/watch?v=Mel4Rtspa3Q
Quarantine Quiz | BBC Sport,https://www.youtube.com/watch?v=kK8HEAtNhwI
7 AMAZING Olympians during lockdown! | QUARANTINE & CHILL,https://www.youtube.com/watch?v=Pi2INxlYN0o
Four AWESOME FA Cup semi-final derbies | FA Cup Magic,https://www.youtube.com/watch?v=X1Fja9xY3Ec
10 of the BEST clips from footballers in isolation | QUARANTINE & CHILL,https://www.youtube.com/watch?v=YaqGA_YU4X4
These recent FA Cup semi-finals were EPIC | FA Cup Magic,https://www.youtube.com/watch?v=pSZmxU6oRIk
Amelia Dimoldenberg reveals which footballers she'd love to date | STAY IN WITH | BBC Sport,https://www.youtube.com/watch?v=2naTcVjj4JM
Basketball star Ovie Soko's tips on staying positive | STAY IN WITH | BBC Sport,https://www.youtube.com/watch?v=mmYOWuFFXUM
Jermaine Jenas tells brilliant story about 'special' Sir Bobby Robson | Match Of Their Day,https://www.youtube.com/watch?v=vxD74tSdA_Y
Quarantine Quiz | BBC Sport,https://www.youtube.com/watch?v=Rhb0s7_nV6I
"DOGS, Van Persie & son, kitchen climbing | QUARANTINE & CHILL",https://www.youtube.com/watch?v=Tp4E0P84mL8
Katarina Johnson-Thompson’s dogs are perfect workout buddies | STAY IN WITH | BBC Sport,https://www.youtube.com/watch?v=E2DlQ15clJs
"Ben Foster's full BRUTAL bike workout with Tim Cahill, Micah Richards, Leon Osman & Dan Walker",https://www.youtube.com/watch?v=fJ4ChKEonGk
Check out singer Mabel's fitness and wellbeing routine | STAY IN WITH | BBC Sport,https://www.youtube.com/watch?v=QDsILR6D9g0
Callum Hudson-Odoi's isolation routine is motivating! | STAY IN WITH | BBC Sport,https://www.youtube.com/watch?v=DjIEQ2mGGb8
The BEST viral moments sports stars in isolation | QUARANTINE & CHILL,https://www.youtube.com/watch?v=FOdBrKhqbDA
These modern FA Cup matches were INCREDIBLE | FA Cup Magic,https://www.youtube.com/watch?v=CaUsnEFqrqM
‘Sir Alex never called back!’ - Alan Shearer was SO CLOSE to joining Manchester United,https://www.youtube.com/watch?v=3bSRvTAgyHk
Quarantine Quiz | BBC Sport,https://www.youtube.com/watch?v=xwouNpielRE
"Callum Hudson-Odoi talks Coronavirus, his Tiger King obsession & calls out Jadon Sancho | MOTDx",https://www.youtube.com/watch?v=fbXU0BvO7hg
Five UNBELIEVABLE FA Cup shocks | FA Cup Magic,https://www.youtube.com/watch?v=AIDO753fjag
"""He's a force of nature!"" Is Erling Haaland destined for the Premier League?",https://www.youtube.com/watch?v=H335oU6SAqo
Michail Antonio reveals what it's like for a Premier League pro in lockdown | MOTDx,https://www.youtube.com/watch?v=MkgIllWZssc
'Victoria says I'm stubborn' - David Beckham's mission to build Inter Miami,https://www.youtube.com/watch?v=eeg_E4xGltk
Five AMAZING FA Cup comebacks | FA Cup Magic,https://www.youtube.com/watch?v=KpinDOwx5fY
"Lingard, Hazard, Henry, Solskjaer: The FA Cup SUPER SUBS | FA Cup Magic",https://www.youtube.com/watch?v=8Ad52aOkMAo
Liv Cooke v Street Panna in a Rabona Crossbar Challenge | UnbeLIVable | MOTDx,https://www.youtube.com/watch?v=OcBP4gWfQQs
Chelsea wonderkid Billy Gilmour isn't having his song | MOTDx,https://www.youtube.com/watch?v=S6MG4nERD7U
Aitch & AJ Tracey pick their combined Spurs & Manchester United XI | MOTDx,https://www.youtube.com/watch?v=OAwdLGSofCU
Who will take the Champions League places? | FANS GO IN,https://www.youtube.com/watch?v=lYOstnM0srE
Timbsy tours FC Bayern's academy with rising star Sarpreet Singh | MOTDx Access All Areas,https://www.youtube.com/watch?v=TFA5fvr7waQ
Solskjaer & Fernandes have 'turned Manchester United around' | MOTD2,https://www.youtube.com/watch?v=tWAWMY__hYQ
Who would Mason Mount most want to swap shirts with? | MOTDx,https://www.youtube.com/watch?v=wHIlvAVYtdg
The handcuffed Manchester derby | PENALTIES WITH YUNG FILLY,https://www.youtube.com/watch?v=JCDzsg1Crds
Arsenal cruise past Portsmouth into quarter-finals | FA Cup fifth round | BBC Sport,https://www.youtube.com/watch?v=LVF8gOP_z4s
How long has Yungen really been a Liverpool fan? | MOTDx FA Cup,https://www.youtube.com/watch?v=2XyEcqcpans
'Mourinho's Spurs worry me' | Match of the Day | BBC Sport,https://www.youtube.com/watch?v=ppsVAJ7cezU
The secrets behind KSI and Joshua's boxing outfits | BBC Sport,https://www.youtube.com/watch?v=Vf1NAgNg3DU
"Ultras, Beckham & big stars: Can Inter Miami be a success?",https://www.youtube.com/watch?v=rAKr70ktxkc
Which Premier League relegation candidates deserve to stay up?,https://www.youtube.com/watch?v=AOfXWaTAsmk
PANCAKE DAY! Southampton's Ryan Bertrand & Michael Obafemi pancake flip Honesty Cards,https://www.youtube.com/watch?v=OMZMrsxKSNA
Can West Ham U14 Fletch win the challenge? | WONDERKIDS,https://www.youtube.com/watch?v=7TH556OFfMI
'Not bad for an old fat guy who can't punch' - Tyson Fury on beating Deontay Wilder,https://www.youtube.com/watch?v=xjqtUy947g8
Wilder v Fury II: The weigh-in | BBC Sport,https://www.youtube.com/watch?v=73OTMgiUyMc
Deontay Wilder and Tyson Fury face off in fiery final press conference | BBC Sport,https://www.youtube.com/watch?v=XVM3dtwNb9g
"'Bigger, if not better' than Mayweather v Pacquiao - Deontay Wilder on Fury rematch",https://www.youtube.com/watch?v=TibNAOgLpns
'All bullies fold when you stand up to them' - Tyson Fury on Deontay Wilder,https://www.youtube.com/watch?v=3y7aygVhgIo
Arsenal Academy's goal machine Kieran Petrie hits top bins! | WONDERKIDS,https://www.youtube.com/watch?v=F0ayZzARw98
"KSI, Yungblud and Krept & Konan | ‘Which footballer would you want to collaborate with?' | BBC Sport",https://www.youtube.com/watch?v=JCjR1ZAXqoY
Worst trim? Why are you looking at me?!' | Norwich's Jamal Lewis & Todd Cantwell do Honesty Cards,https://www.youtube.com/watch?v=WQRBASyYTV4
England U15's Leo Castledine kicks off our new 'Wonderkids' challenge | WONDERKIDS,https://www.youtube.com/watch?v=LR0lkOPMA9o
'Deontay Wilder was like a kid in a candy shop when we pimped his Rolls Royce' | Player Makers USA,https://www.youtube.com/watch?v=V2jRGBpxVnA
'I was selfish at times' - Atletico Madrid's Kieran Trippier explains what went wrong at Spurs,https://www.youtube.com/watch?v=rf9rmgu8u2Q
'I was the black sheep at Spurs' | Christian Eriksen gets a fresh start at Inter Milan,https://www.youtube.com/watch?v=iOVfZjew0KA
Why couldn't Man City score against 'bogey team' Spurs? | MOTD2,https://www.youtube.com/watch?v=NRC6840c8YY
"The guy who's partied with Neymar, Aguero and Ronaldinho | Player Makers USA",https://www.youtube.com/watch?v=LjmbGWgdqmk
Super Bowl: Stevo the Madman meets Kansas City Chiefs and San Francisco 49ers stars | BBC Sport,https://www.youtube.com/watch?v=L69XKx4yd6A
Training like Premier League pros at Crystal Palace | MOTDx,https://www.youtube.com/watch?v=19gf30YIXEw
What is the greatest ever Premier League transfer? | Ranking Tier List,https://www.youtube.com/watch?v=YeutagjUiFY
Russell Wilson: Could you train like an NFL quarterback? | BBC Sport,https://www.youtube.com/watch?v=fIa2dj7MjRw
These Cristiano Ronaldo trainers are out of this world! | Player Makers USA,https://www.youtube.com/watch?v=0doAM_T2vNc
'Bruv! He's so good!' Jay1 on playing 5-a-side with James Maddison | MOTDx FA Cup,https://www.youtube.com/watch?v=HKGMW30jblI
'Solskjaer won't last beyond this season at Manchester United' | Match of the Day,https://www.youtube.com/watch?v=Eaf2HrzgJfE
New MOTDx signing Timbsy talks boots & trains with Arsenal at new Predator launch,https://www.youtube.com/watch?v=2aD7V9HnxA4
'Unbearable' - the fans who admit they’d hate Liverpool to win the league | FANS GO IN | BBC Sport,https://www.youtube.com/watch?v=l21Uqi14Zns
Conor McGregror v Donald Cerrone: Fans take over UFC 246 weigh-in,https://www.youtube.com/watch?v=PLcl0WFBkP0
The guy behind Cam Newton's 'crazy' hats | Player Makers USA,https://www.youtube.com/watch?v=kwSvOXUqyjY
The man behind Conor McGregor's infamous suits,https://www.youtube.com/watch?v=ObzIEBBtiyM
Karl Thyer turned his Liverpool heroes into his biggest fans | MOTDx,https://www.youtube.com/watch?v=6ZNUrNrLOFc
How 'lazy' trainer Sergio Aguero became Premier League's best overseas striker | MOTD2,https://www.youtube.com/watch?v=HOtOCoDhszE
The cost of gambling: Is football's relationship with betting companies worth it?,https://www.youtube.com/watch?v=7v6d9VupqaA
Do footballers really just want to be treated like school children? | BBC Sport,https://www.youtube.com/watch?v=Gu7bIOk1kp0
Lionel Messi gets a fashion makeover from the woman who styled Jay Z | Player Makers USA,https://www.youtube.com/watch?v=5dZubKWFr-o
Rhian Brewster is the mate you need at five-a-side | MOTDx,https://www.youtube.com/watch?v=Bi6WOBPsvXc
What makes Leeds United's' Marcelo Bielsa 'the greatest coach in the world'? | BBC Sport,https://www.youtube.com/watch?v=Ku_rCddLB7o
Which Man City player would Port Vale want most in their team? | FA Cup Honesty Cards,https://www.youtube.com/watch?v=ZzvNr5ait0I
"'I've tattooed Henry, LeBron and Lewis Hamilton' - this is Bang Bang's story | Player Makers USA",https://www.youtube.com/watch?v=gwHKbi6XVII
Reece & Sideman get hyped for Liverpool v Everton with disgusting shots & face paint | MOTDx FA Cup,https://www.youtube.com/watch?v=mhWPbaja00o
Should offside be included in VAR? Martin Keown & Ian Wright can't agree | MOTD2,https://www.youtube.com/watch?v=RiAQsdb1yRM
Who is the most iconic Premier League player of the decade? | MOTDx,https://www.youtube.com/watch?v=LaamCmGQPcg
Benjamin Mendy & Riyad Mahrez reveal Pep Guardiola's three favourite elves | Honesty Cards,https://www.youtube.com/watch?v=C569HIoSNmI
'I don't want to be the next Jose Mourinho' - Frank Lampard talks management with Gary Lineker,https://www.youtube.com/watch?v=rfdGesKYMB0
MOTDx team pick their Premier League Team of the Decade 2010-2019,https://www.youtube.com/watch?v=Q2hHyDJuwdk
"Stokes relives his special summer of cricket | BBC Sport",https://www.youtube.com/watch?v=RVhfQc9Mf70
Leicester City's James Maddison & James Justin take the famous James quiz,https://www.youtube.com/watch?v=QhrUcFzaC60
AC Milan | Can leaving San Siro save Serie A giants? | BBC Sport,https://www.youtube.com/watch?v=OEbwNPviEQw
I feel sorry for Arsenal's players right now - Jermaine Jenas | MOTD2 reaction,https://www.youtube.com/watch?v=ljK2SJxo2QI
'My Scouse accent is terrible!' West Ham's Michail Antonio & Ryan Fredericks' play Honesty Cards,https://www.youtube.com/watch?v=-DQiLdYmaP0
MOTDx team pick their Premier League moment of the decade,https://www.youtube.com/watch?v=Y-o6WUgRZd4
"'I was awful' - Andy Murray on his rap song, James Bond & being a hardcore gamer | BBC Sport",https://www.youtube.com/watch?v=vSSKhHayjZg
Sports Personality of the Year 2019: Celebrities reveal favourite contender moments | BBC Sport,https://www.youtube.com/watch?v=_RxF8BfBE84
'James Beattie wet the bed at my house once!' | Honesty Cards,https://www.youtube.com/watch?v=wIK38d1GS7c
Can someone learn a Strictly dance routine in just TWO hours? | Bust Down with Mwaksy,https://www.youtube.com/watch?v=RmH59Q3ZVoI
'They stuck my trainers to the floor' - Best mates Mason Mount & Declan Rice on ‘prank wars',https://www.youtube.com/watch?v=ei-q0IBAVVU
Fury v Williams: Boxing's superstar takes on music's heavyweight in ultimate quiz | BBC Sport,https://www.youtube.com/watch?v=QZBTCZk7cjk
From grass to ice - Petr Cech's still saving shots,https://www.youtube.com/watch?v=zzEayRkOAYM
Why do Arsenal have a 'mentality problem'? | MOTD2 reaction | BBC Sport,https://www.youtube.com/watch?v=5O5_F0FZSCY
FA Cup | Exeter City 2-2 Hartlepool United | Highlights | BBC Sport,https://www.youtube.com/watch?v=LdptyYiKaJk
'That's my body!' Anthony Joshua settles football biggest beefs | MOTDx,https://www.youtube.com/watch?v=TZ4Y1zwYJTQ
Josh Denzel samples the pro gaming life with FNG at Veloce Esports | MOTDx,https://www.youtube.com/watch?v=NdLb21nNDhg
'I loved Mario Kart' - Jenson Button on failing his first driving test & owning two yachts,https://www.youtube.com/watch?v=qqQtdqUYeRE
'I forgot I was in net' - Kyle Walker on THAT Champions League appearance in goal | MOTD2,https://www.youtube.com/watch?v=wtc3ez-C7pM
Sports Personality of the Year: Celebrity fans reveal shortlist | BBC Sport,https://www.youtube.com/watch?v=33edOBzB3bc
'Harry Maguire was playing left wing!' - Wilder reacts to Man Utd comeback | MOTD2,https://www.youtube.com/watch?v=sgt7kxv996k
How on earth did Tyson Fury end up singing a duet with Robbie Williams? | BBC Sport,https://www.youtube.com/watch?v=_6LfFpuSYsc
A night in with Michail Antonio | MOTDx,https://www.youtube.com/watch?v=idQWZFK_zBc
"'I'm good at handstands!' - Ben Stokes on that super over, Spurs & his 'claw' | BBC Sport",https://www.youtube.com/watch?v=sZX2DtCMedY
Matt Doherty reveals a naked truth about team-mate George Saville | BBC Sport,https://www.youtube.com/watch?v=XyN3bewuaWE
Rabbi Matondo: Following wonderkid from Schalke to Wales duty | Young Ballers,https://www.youtube.com/watch?v=4v-JQkXeQW0
Challenging football boot expert Jay Mike to a classic boots quiz | MOTDx,https://www.youtube.com/watch?v=0l0NmMl-IYc
What can KSI v Logan Paul teach NFL players?| According to Osi and Jason| BBC Sport,https://www.youtube.com/watch?v=sfKEyB6I-ks
"Peter Crouch chats Nachos, romantic poetry & nearly killing Dirk Kuyt | BBC Sport",https://www.youtube.com/watch?v=LQfSb6VRcYg
Man City's Benjamin Mendy is here to help you deal with real life,https://www.youtube.com/watch?v=Lp07uLOD5Lc
Alexander-Arnold’s passing up there with Gerrard & Alonso - Peter Crouch | MOTD2,https://www.youtube.com/watch?v=nLkMm2CpPGM
'I was in tears' - Sidemen Zerkaa & Vikkstar123 react to KSI win over Logan Paul | BBC Sport,https://www.youtube.com/watch?v=SGrKhaIiiOU
'I don't feel I lost' Logan Paul emotional locker room interview | BBC Sport,https://www.youtube.com/watch?v=6AkyXmkVs3w
I'm going to party hard! - KSI locker room interview after beating Logan Paul | BBC Sport,https://www.youtube.com/watch?v=_jiv79Y7wfc
FINAL FIGHT DAY PREDICTION! KSI v Logan Paul 2 - BBC Sounds boxing expert picks winner | BBC Sport,https://www.youtube.com/watch?v=kEBZxFgLPOA
Boxing expert analyses KSI v Logan Paul - BBC Sounds' Steve Bunce previews the fight | BBC Sport,https://www.youtube.com/watch?v=j4Nu4Q2M-UY
"Sidemen - Miniminter, Vikkstar123 & Behzinga react to KSI v Logan Paul weigh-in drama | BBC Sport",https://www.youtube.com/watch?v=60Hw6hKBMu8
Is Baker Mayfield the real deal? | NFL Week 9 | According to Osi & Jason | BBC Sportn,https://www.youtube.com/watch?v=IYNDABNzHXg
KSI v Logan Paul bigger than Joshua - Eddie Hearn | BBC Sport,https://www.youtube.com/watch?v=3s_Qutqo8tA
'If KSI wins it's a month-long party' - Sidemen Vikkstar123 & Zerkaa | BBC Sport,https://www.youtube.com/watch?v=6qqlB-7wm4k
"""He's nestled in his head rent free"" - Jake Paul reacts to KSI v Logan Paul press conference",https://www.youtube.com/watch?v=EGyAy3hcbT4
Can you train like KSI? | BBC Sport,https://www.youtube.com/watch?v=fDygCJWFwEk
I'm a sicko - Why Logan Paul thinks he'll beat KSI | BBC Sport,https://www.youtube.com/watch?v=7ITOTf8-pTQ
I don't let him into my head - KSI on Logan Paul | BBC Sport,https://www.youtube.com/watch?v=DHdbXxpQrgg
Playing PES 2020 and trainer shopping with Scott McTominay | MOTDx,https://www.youtube.com/watch?v=m90nzNhdKSc
Stevo the Madman plays old school games with Carolina Panthers stars | BBC Sport,https://www.youtube.com/watch?v=GxKGo17-WaU
Which Burnley player does the best Sean Dyche impression? | Honesty Cards,https://www.youtube.com/watch?v=0nVQoQAUlkc
Red card for Son? | MOTD2 pundits on Andre Gomes injury,https://www.youtube.com/watch?v=_uIhNtXhkiQ
'We're in the dark! Premier League must learn from rugby on VAR' | MOTD2,https://www.youtube.com/watch?v=YqElKrOLQDo
"Flicks, forfeits & fancy dress - Stevo the Madman meets Texans superstars | BBC Sport",https://www.youtube.com/watch?v=zrqXHXzRelM
FC Union Berlin: 'A rebellious football club in a rebellious city',https://www.youtube.com/watch?v=OSzuLyqLIfI
Mwaksy learns fitness secrets of elite NFL cheerleaders & some cool new moves | BBC Sport,https://www.youtube.com/watch?v=I3H1YOgJfys
'JT was watching us' - Mason Mount & Fikayo Tomori on life in the Chelsea academy | MOTDx,https://www.youtube.com/watch?v=I-r571i30RI
Homemade spaghetti and Ekeler's academic pull-ups  | NFL Week 8 | According to Osi & Jason,https://www.youtube.com/watch?v=jXbsP8KUIvc
Halloween: Love Island star Chris Hughes films in a haunted house for The Hundred | BBC Sport,https://www.youtube.com/watch?v=ki301HJPLv8
Liverpool FC's Andy Robertson needs his own mural in the city | MOTDx,https://www.youtube.com/watch?v=XYNewFO8qDk
How Sophia Floersch came back from her 170mph crash | Rebels | BBC Sport,https://www.youtube.com/watch?v=Z2SZRQgC_O8
Juan Mata: 'Cantona was a legend. Iniesta was an artist',https://www.youtube.com/watch?v=6JSFh7e6lwE
Yung Filly plays old school games with Cincinnati Bengals stars | BBC Sport,https://www.youtube.com/watch?v=y6FqTbAXqfQ
When Osi Umenyiora fought Devonta Freeman | NFL Week 7 | According to Osi and Jason,https://www.youtube.com/watch?v=khqI5MXm5Oc
"How Liverpool's 'Allez, Allez, Allez' chant conquered Europe",https://www.youtube.com/watch?v=skyAtrz7NTA
"Can Love Island's Ovie Soko spin, dunk & slam under pressure? | BBC Sport",https://www.youtube.com/watch?v=6lpXNPcVOZU
Jofra's kit challenge - celebs try to impress England star with photography skills | BBC Sport,https://www.youtube.com/watch?v=6CK12Pr1UHs
Dorm room antics and major neck envy | NFL Week 6 | According to Osi & Jason,https://www.youtube.com/watch?v=o_XHTYC5UH8
Solskjaer explains Manchester United tactics vs Liverpool | Match of the Day 2,https://www.youtube.com/watch?v=yPerWRQMlEA
Pick your rivals! Liverpool & Man Utd fans select their reluctant combined XI | MOTDx,https://www.youtube.com/watch?v=ykLJOqSF3Rw
'You're waiting for it to happen' - MOTDx team's powerful discussion on racism in football,https://www.youtube.com/watch?v=JFpEO_T7Dh0
Which Hundred player knows their city best? | BBC Sport,https://www.youtube.com/watch?v=t13mG7Hu65A
'Welcome to every football boot nerd's dream' - Jay Mike's incredible collection | MOTDx,https://www.youtube.com/watch?v=xFZsQXBE0QM
Aaron Ramsey is loving Italian life at Juventus | Football Focus,https://www.youtube.com/watch?v=BRj3lgJZJ2w
The REAL story behind the viral sensation gymnast | Katelyn Ohashi | Rebels | BBC Sport,https://www.youtube.com/watch?v=W_PuBZ_nIao
Yung Filly plays old school games with Chicago Bears stars | BBC Sport,https://www.youtube.com/watch?v=NMLc29xXRLo
Brendan Rodgers explains his managerial philosophy | Football Focus,https://www.youtube.com/watch?v=VUH4LqVErjI
'I knew I'd made it when I got a Corsa' - Tyrone Mings' Honesty Cards,https://www.youtube.com/watch?v=rqtl6zkNgTY
This is the worst Manchester United team in years - Alan Shearer | MOTD2,https://www.youtube.com/watch?v=lIxYBt710cs
The ballet dancer who fought to wear brown tights | Michaela DePrince | Rebels | BBC Sport,https://www.youtube.com/watch?v=Qwy8lKy3pdQ
"The London games, dancing Bears and Allan on the piano | NFL Week 4 | According to Osi & Jason",https://www.youtube.com/watch?v=n01GamzILvc
'This is the best day of my life!' - Alan Shearer surprises Sam Fender | MOTDx,https://www.youtube.com/watch?v=qv0lSwMMIkc
'I would go blind looking in Aubameyang's wardrobe' | Dele vs Aubameyang | Best Dressed Ballers,https://www.youtube.com/watch?v=ef-VPFKEzPY
Alphonso Davies: Former refugee's journey to rising Bayern Munich star | Young Ballers,https://www.youtube.com/watch?v=FmViCtTBmsY
The 'worst football team in Britain' who went 882 days without a win,https://www.youtube.com/watch?v=VjNg1Il8uZg
Brendan Rodgers reveals his ambitions for Leicester City & praises Ricardo Pereira | MOTD2,https://www.youtube.com/watch?v=3RSQnNHSB4Y
"Messi, Eminem and late night snacks | Unboxed with Geraint Thomas | BBC Sport",https://www.youtube.com/watch?v=XBXOqu1XRFA
"Salah v Ramos,  Klopp v Guardiola: Deontay Wilder settles some of football's biggest beefs",https://www.youtube.com/watch?v=Np4Eni1NIxg
"Messi, Van Dijk, Klopp, Bronze: Hunting for greats at the Best Fifa Football Awards in Milan | MOTDx",https://www.youtube.com/watch?v=TRYpWc2aOd4
"Ronaldo, Lukaku, Ribery, De Ligt: Why Serie A is the league to watch this season",https://www.youtube.com/watch?v=pYXkC3ASrmE
Who does Snoop Dogg really support? | NFL Week 3 | According to Osi and Jason,https://www.youtube.com/watch?v=623nxU9ysdc
The nutmeg is king at the Panna Knock Out World Championships in Rotterdam | MOTDx,https://www.youtube.com/watch?v=P38Ze4TDu_U
Street Athletics: Average Joes versus world records | BBC Sport,https://www.youtube.com/watch?v=pc3yrUv_0nM
Tammy Abraham sees Kevin Hart playing him & Mason Mount's Spider-Man obsession | Honesty Cards,https://www.youtube.com/watch?v=ePLEpkdoREg
Manchester United's senior players aren't doing enough - Danny Murphy & Alan Shearer | MOTD2,https://www.youtube.com/watch?v=Vp9Wr2_lrs0
Rising Ballers: The first ever girls YouTube football team | Rebels | BBC Sport,https://www.youtube.com/watch?v=i8uLeKkdvTo
Playing Fifa 20 with James Maddison & upgrading his own stats | MOTDx,https://www.youtube.com/watch?v=eXfL8dzy2AM
'Shearer or Owen?' Newcastle United's Sean & Matty Longstaff answer the big question,https://www.youtube.com/watch?v=LMbXcuqQFpQ
NFL handshakes & why are the Miami Dolphins so bad? | NFL Week 2 | According to Osi & Jason,https://www.youtube.com/watch?v=xhaW7y8k-TU
Mo Salah vs Sergio Ramos: 'It's like seeing your dad with his top off' | Best Dressed Ballers,https://www.youtube.com/watch?v=cdOczqF2Ca4
Will Juventus 'revolution' lead to Champions League glory?,https://www.youtube.com/watch?v=HobotuJD_5M
"'Solskjaer was a player, he understands us' - Marcus Rashford opens up about Manchester United",https://www.youtube.com/watch?v=2PciXKPsRSA
"No Laporte, no Kompany: Are Man City in a defensive 'crisis' after Norwich defeat?",https://www.youtube.com/watch?v=ppYnUA-zO7s
Lisa Zimouche: The freestyler who quit PSG | Rebels | BBC Sport,https://www.youtube.com/watch?v=OTGXRq-x6oY
"Helicopters, hating films & killing rabbits - Michael Owen takes on internet rumours",https://www.youtube.com/watch?v=LD4Zgb9VYNc
Which Premier League team has the best kit this season? | MOTDx,https://www.youtube.com/watch?v=Q4Mj4UIBBm8
Chelsea's Carly Telford & Millie Bright's awkward sausage dog encounter,https://www.youtube.com/watch?v=O-FQ_jX6x08
Jonathan Panzo: The England U21 defender who moved to AS Monaco at 17 | Young Ballers,https://www.youtube.com/watch?v=MGlN3DLZ3Lg
"'Once a Red, always a Red' - Xabi Alonso on his love for Liverpool FC",https://www.youtube.com/watch?v=ZSaN9HjnagA
Kyle Walker's impression of Raheem Sterling is brilliant!,https://www.youtube.com/watch?v=Tw_cI_RWxVI
Leah Williamson vs Jordan Nobbs: who is your best dressed baller? | BBC Sport,https://www.youtube.com/watch?v=Tm-IqThB2SY
How West Ham's Mark Noble terrorised James Tomkins with a drone,https://www.youtube.com/watch?v=ZIRLCkPKfEo
Troy Deeney won't let any team-mates into his house,https://www.youtube.com/watch?v=CxjojwpDKB4
Frank Lampard: Is his Chelsea hero status on the line as manager?,https://www.youtube.com/watch?v=W6PFOI3R1WY
'I took the ball from Gerrard and missed' - Crouch's search for first Liverpool goal,https://www.youtube.com/watch?v=bvVrgjBfMeM
'Pop that booty' - train like a Notting Hill Carnival dancer | BBC Sport,https://www.youtube.com/watch?v=7a7BGmm7UPo
Hector Bellerin vs Alex Oxlade-Chamberlain: Who is the Best Dressed Baller? | BBC Sport,https://www.youtube.com/watch?v=7GLRJWbtCqQ
James Maddison reveals why Ben Chilwell is the worst house guest,https://www.youtube.com/watch?v=UxbjZDhBw8I
Wolves 1-1 Man Utd: Solskjaer on Pogba and Rashford's penalty situation | BBC Sport,https://www.youtube.com/watch?v=iN0PeL8_Lmk
"Man Utd's Scott McTominay plays two-touch, talks Chelsea win & PES | Football Focus | BBC Sport",https://www.youtube.com/watch?v=jdZxxLh81rc
Paul Pogba vs Benjamin Mendy: Who has the best style? | Best Dressed Ballers | BBC Sport,https://www.youtube.com/watch?v=HwWd6aNlBL0
Parkour Athlete vs Police Dog: Joe Scandrett vs Kelly the police dog | Versus: Ep 4 | BBC Sport,https://www.youtube.com/watch?v=XnguD1vC-h8
Marcus Rashford vs Jesse Lingard: who has more swag? | Best Dressed Ballers | BBC Sport,https://www.youtube.com/watch?v=--6kpkvrCrQ
How Arsenal 'nailed it' & what happened with Dybala? - David Ornstein on Deadline Day | BBC Sport,https://www.youtube.com/watch?v=fzdB-wx4D5A
Mountain Biker vs Mountain Runner - who is faster? | Versus: Ep 3 | BBC Sport,https://www.youtube.com/watch?v=7WvQXN0_PqA
"Ibrahimovic, Giroud & Drogba - watch five great Community Shield goals | BBC Sport",https://www.youtube.com/watch?v=D5fUNAmbBRY
"Lukaku & Dybala latest plus Pepe, Zaha & Bale - Transfer news with David Ornstein | BBC Sport",https://www.youtube.com/watch?v=uh7F5fHDQ2g
Motocross vs Racing Drone | Versus: Ep 2 | BBC Sport,https://www.youtube.com/watch?v=oq8I73wzdfA
Highlights: France 2-1 Germany | Women's U19 European Championship | BBC Sport,https://www.youtube.com/watch?v=l2V2opQxw8c
BMX vs Scooter: Ash Finlay & Dante Hutchinson tricks challenge | Versus: Ep 1 | BBC Sport,https://www.youtube.com/watch?v=up_oLko6xWs
"Pogba, Neymar, Maguire & what’s going on at Arsenal? Transfer news with David Ornstein | BBC Sport",https://www.youtube.com/watch?v=_-c266rQ_as
Behind-the-scenes at Tottenham Hotspur Stadium's NFL makeover | BBC Sport,https://www.youtube.com/watch?v=ChgjXiHX0TI
Cori 'Coco' Gauff: The 15-year-old who lit up Wimbledon 2019 | BBC Sport,https://www.youtube.com/watch?v=-KsL_QIy970
Ada Hegerberg answers our quick-fire questions | BBC Sport,https://www.youtube.com/watch?v=PMw4sIyrXvE
"Chelcee's World Cup Jukebox: Dua Lipa, Nikita Nikita and Allez, Allez, Allez | BBC Sport",https://www.youtube.com/watch?v=tpLXhCrRNBE
Hot sauce for eye drops? Random questions with Wimbledon tennis stars | BBC Sport,https://www.youtube.com/watch?v=_-ioYSjkZFE
Alex Scott & JXSE drop rap track for England's Lionesses | BBC Sport,https://www.youtube.com/watch?v=pqofYSu5aIo
Alex Scott chats French Hip Hop with Mbappe creator JXSE | BBC Sport,https://www.youtube.com/watch?v=NliGI1TSJho
Can a pro FIFA player take on a real footballer? | BBC Sport,https://www.youtube.com/watch?v=E-Q1n-nnaQ0
"French phrases, fears and Phil Neville: Get to know England's Lionesses | BBC Sport",https://www.youtube.com/watch?v=GKwqbCPdKSY
England v Scotland celebrity challenge: which country will win?  | BBC Sport,https://www.youtube.com/watch?v=mZDxi4S7bhI
Laughta drops an amazing freestyle for England's Lionesses | BBC Sport,https://www.youtube.com/watch?v=8YvYO5uH_bg
"Meet the PSG fashion designer who dresses Mbappe, Beyonce & Rita Ora | BBC Sport",https://www.youtube.com/watch?v=rR_RffwhQjQ
"Meet S3 Freestyle: Ronaldhino, breakdancing & freestyle the French way | BBC Sport",https://www.youtube.com/watch?v=OKLaM-vQDVk
Rapper Tony D charts Tottenham's journey to Champions League final | BBC Sport,https://www.youtube.com/watch?v=SY27sQi_T3o
Big Zuu's Liverpool freestyle with Jordan Henderson & Alex Oxlade-Chamberlain | BBC Sport,https://www.youtube.com/watch?v=CHPS7IiifiI
"Neymar, Hazard, Mbappe: Real Madrid's plan for the next generation of Galacticos",https://www.youtube.com/watch?v=ohU058x8tKk
We surprised Ada Hegerberg with BBC Women's Footballer of the Year | BBC Sport,https://www.youtube.com/watch?v=ic8iAbPZGrE
Ms Banks' World Cup Rap | Official Trailer | BBC Sport,https://www.youtube.com/watch?v=-as0GVWjaIA
"Raheem Sterling opens up about racism, family & his career so far | BBC Sport",https://www.youtube.com/watch?v=Q8AozXGJ77Q
FA Cup final highlights: Man City 6-0 Watford | BBC Sport,https://www.youtube.com/watch?v=gC7CHkNNqqY
How to design a Man City-Watford FA Cup Final mash-up kit with Xztals | BBC Sport,https://www.youtube.com/watch?v=byendgUBwcU
Man Up: Part 3 - How do men battle with body image? | BBC Sport,https://www.youtube.com/watch?v=UN7F_374dNM
Are these the top 10 FA Cup final goals? | FA Cup Throwback,https://www.youtube.com/watch?v=SdAzxDKmD4Q
Man Up: Part 2 - How do men battle against depression & suicidal thoughts? | BBC Sport,https://www.youtube.com/watch?v=nGJS9P4ZreE
Highlights: Hungary 1-1 Spain (4-5 pens) | Euro U17s | BBC Sport,https://www.youtube.com/watch?v=4PKvIVfXt00
Man Up: Part 1 - What does masculinity mean to modern men? | BBC Sport,https://www.youtube.com/watch?v=z7t19NWJ85A
Ben Coker lives Southend United's dramatic last day fight to avoid relegation | BBC Sport,https://www.youtube.com/watch?v=2U0vtsFkkM4
Nutty P's brilliant freestyle for Manchester United's glory days | BBC Sport,https://www.youtube.com/watch?v=_sZbaWpxSLw
Double S drops an amazing Arsenal freestyle | BBC Sport,https://www.youtube.com/watch?v=clovZWctN2I
Twin Telepathy Challenge: How well do Phil and Tracey Neville know each other? | BBC Sport,https://www.youtube.com/watch?v=misI6pFZnxg
Yizzy drops a wild Arsenal freestyle in 90 seconds | BBC Sport,https://www.youtube.com/watch?v=_Gd-VHK7c2I
Kamakaze's sick freestyle on Leicester City's Premier League title win  | BBC Sport,https://www.youtube.com/watch?v=5UiTPNeaj94
World Cup 2019 kits rated: Chelcee Grimes & Zuzu pick the best  | BBC Sport,https://www.youtube.com/watch?v=eVFPJ0ugu4A
Big Zuu's amazing freestyle for Liverpool FC's Premier League title run-in | BBC Sport,https://www.youtube.com/watch?v=XYGVB4q5cr0
"Zaha, Wan-Bissaka & Benteke: Meet the guy who creates their incredible jewellery | BBC Sport",https://www.youtube.com/watch?v=yKuI05bj7cs
When F2Tekkz & Msdossary competed at FUT 19 Champions Cup  | BBC Sport,https://www.youtube.com/watch?v=QfI0lCOb6qc
"De Jong, De Ligt & Ziyech: How Ajax built a team that could have won the Champions League",https://www.youtube.com/watch?v=hkIRnjSc7Og
Who should be PFA Player of the Year 2018-19? | BBC Sport,https://www.youtube.com/watch?v=TKQE2q0Eb0Y
What should Ole Gunnar Solskjaer do to solve Manchester United's problems? | BBC Sport,https://www.youtube.com/watch?v=08GHRzB9h1Y
How Hackney Wick FC changed their community | BBC Sport,https://www.youtube.com/watch?v=X4aOzSAK1fc
Stevo the Madman meets the ex-pro behind footballer's luxury custom cars | BBC Sport,https://www.youtube.com/watch?v=etu1x03gpjI
Are these the greatest FA Cup shocks? | BBC Sport,https://www.youtube.com/watch?v=1OdDMsVtkL0
"Klopp, Firmino & Mane: Meet the dentist making Liverpool's stars shine | BBC Sport",https://www.youtube.com/watch?v=fSDDpvLdQJI
Ajax to FC Barcelona: Who is Frenkie De Jong? | BBC Sport,https://www.youtube.com/watch?v=ZPbsAObm8r4
Jason Bell v Sam Quek: Could you complete this Boat Race challenge? | BBC Sport,https://www.youtube.com/watch?v=-NvBA1YItMY
Highlights: Watford 3-2 Wolves | FA Cup | BBC Sport,https://www.youtube.com/watch?v=AXScELErNYM
Highlights: Manchester City 1-0 Brighton | FA Cup | BBC Sport,https://www.youtube.com/watch?v=fguv7_U9HC0
Are these the best 5 goals in FA Cup semi-finals? | BBC Sport,https://www.youtube.com/watch?v=hpoQVRra0ts
Chris Stark experiences an FA Cup quarter-final with Wolves fans | BBC Sport,https://www.youtube.com/watch?v=cwL41rxP6ng
"Meet the guy who paints for Floyd Mayweather, Raheem Sterling & Paul Pogba | BBC Sport",https://www.youtube.com/watch?v=cbhlGjxIt-U
Jesse Lingard goes back to school | BBC Sport,https://www.youtube.com/watch?v=-V5SkVYCOX8
Are FC Cincinnati fans the best in the MLS? | BBC Sport,https://www.youtube.com/watch?v=Y5WfxH63yYk
Southend United's struggles put doubt on Ben Coker's contract | BBC Sport,https://www.youtube.com/watch?v=V6SEpSh19tc
How to score goals like Harry Kane and Raheem Sterling | BBC Sport,https://www.youtube.com/watch?v=_M1QjlepCqA
Who is the best overseas player in Premier League history? | BBC Sport,https://www.youtube.com/watch?v=7Z0FSiDyQNg
Highlights: Millwall 2-2 Brighton (4-5 pens) | FA Cup | BBC Sport,https://www.youtube.com/watch?v=GWxkZiCsNpI
Highlights: Wolves 2-1 Manchester United | FA Cup | BBC Sport,https://www.youtube.com/watch?v=qAif2EV2POU
Highlights: Swansea City 2-3 Manchester City | FA Cup | BBC Sport,https://www.youtube.com/watch?v=Ta4o3VDi5vs
Highlights: Watford 2-1 Crystal Palace | FA Cup | BBC Sport,https://www.youtube.com/watch?v=H2k0E813sY4
Ian Wright plays Would I Lie To You? ft. Conor Coady & Matt Doherty | BBC Sport,https://www.youtube.com/watch?v=K6K3SdtW2LI
Could you last three rounds with a UFC fighter? | BBC Sport,https://www.youtube.com/watch?v=Vu5PA3qDqnU
"Life after Messi, delivering De Jong & leaving a legacy: Being Barcelona President | BBC Sport",https://www.youtube.com/watch?v=GToYVnOF0YU
Yungen's football-inspired lyrics & his awkward chat with Raheem Sterling | BBC Sport,https://www.youtube.com/watch?v=_Xk-Iyd-jIw
"Meet the guy with exclusive access to Dele Alli, Sterling & the Ox | BBC Sport",https://www.youtube.com/watch?v=ECHDj_yJEsw
PSG: Football club or fashion brand? | BBC Sport,https://www.youtube.com/watch?v=q1uBYyVbTrI
Watching Liverpool v Man Utd in NYC | BBC Sport,https://www.youtube.com/watch?v=dGJR1n_ZKWw
Jose Baxter: Footballer's battle with drugs and depression | BBC Sport,https://www.youtube.com/watch?v=Lc9ybSMjewI
The making of Manchester City's Leroy Sane | BBC Sport,https://www.youtube.com/watch?v=KaHN6r7j6zI
Highlights: Chelsea 0-2 Man Utd - FA Cup - BBC Sport,https://www.youtube.com/watch?v=0ZXoYBavTVw
Highlights: Swansea 4-1 Brentford - FA Cup - BBC Sport,https://www.youtube.com/watch?v=fOasVP9CmtY
Mumford & Sons try football commentary - BBC Sport,https://www.youtube.com/watch?v=UXj2Ud8ny7w
Leicester City's James Maddison shows how to take the perfect free-kick | BBC Sport,https://www.youtube.com/watch?v=CNtF6F6VoHw
Is the European Super League the future of football? | BBC Sport,https://www.youtube.com/watch?v=BjMb7fDpduY
Vincent Kompany & Noel Gallagher disagree over Man City's most important goal | BBC Sport,https://www.youtube.com/watch?v=6zzaj4UQGyU
Go training with Man City's Steph Houghton & Jill Scott | BBC Sport,https://www.youtube.com/watch?v=bePXCTKyJjE
Atlanta: Super Bowl City - Ep 4 - The dream & reality of playing in America's biggest game,https://www.youtube.com/watch?v=O4aCsIptH6g
"Atlanta: Super Bowl City - Ep 3 - Migos, Lil Yachty, Ayo & Teo's music, drip & dabs influence sport",https://www.youtube.com/watch?v=xch1v5cRJa0
Highlights: Millwall 3-2 Everton - FA Cup - BBC Sport,https://www.youtube.com/watch?v=3gEEVVL_Q8U
Highlights: Arsenal 1-3 Man Utd - FA Cup - BBC Sport,https://www.youtube.com/watch?v=QwCfrN_nUak
Highlights: Manchester City 5-0 Burnley - FA Cup - BBC Sport,https://www.youtube.com/watch?v=GXkGMIrnS3M
Highlights: Crystal Palace 2-0 Tottenham Hotspur - FA Cup - BBC Sport,https://www.youtube.com/watch?v=bRblTkO7oT4
Atlanta: Super Bowl City - Ep 2 - Tasting ATL's famous lemon pepper wings and barbeque food,https://www.youtube.com/watch?v=kRgiMLdowLk
Atlanta: Super Bowl City - Ep 1 - Why artist Occasional Superstar paints murals of Colin Kaepernick,https://www.youtube.com/watch?v=FzjBzydMCto
WWE's Drew McIntyre & Doplh Ziggler try football commentary - BBC Sport,https://www.youtube.com/watch?v=0IqemXpTdFU
Chris Stark's It's On The Line - FA Cup Round 3: Newport County 2-1 Leicester City - BBC Sport,https://www.youtube.com/watch?v=LSceoreQ4RY
Chris Stark's It's On The Line - FA Cup Round 2: Barnet 1-0 Stockport ft. Blossoms  - BBC Sport,https://www.youtube.com/watch?v=P-T6bk8-XRQ
Radio 1's Greg James tries out football commentary - BBC Sport,https://www.youtube.com/watch?v=ma-czO3Ox7E
"Fury, Kane & other stars surprise the Unsung Heroes - BBC Sport",https://www.youtube.com/watch?v=dovy7S6p0J8
The fictional footballer: Being the face of a Fifa's Alex Hunter - BBC Sport,https://www.youtube.com/watch?v=ND4MW4mJd1o
"The story of Maurizio Sarri: From Tuscany to Chelsea, banker to coach | BBC Sport",https://www.youtube.com/watch?v=nS5Xm8GxEi0
"Chelcee Grimes: Making music with Calvin Harris & Little Mix, scoring goals for Fulham - BBC Sport",https://www.youtube.com/watch?v=YvaQleVwovs
Chris Stark's It's On The Line - FA Cup Round 1: Met Police 0-2 Newport County - BBC Sport,https://www.youtube.com/watch?v=1YYWv0vseNY
The Last Stand: How Gundeep Anand created the UK's coolest street football tournament - BBC Sport,https://www.youtube.com/watch?v=8oY0TDHMdYs
"""I made the Premier League look old""- Zlatan Ibrahimovic interview | BBC Sport",https://www.youtube.com/watch?v=B8xgCPYlTaM
ePremier League: The Premier League is setting up its own Fifa 19 competition - BBC Sport,https://www.youtube.com/watch?v=oBkm5E_QS90
How to do a heel juggle - Freestyle Skills - Match of the Day: Can You Kick It?,https://www.youtube.com/watch?v=9AkpeG9NH-k
How to do a Ronaldinho scoop - Freestyle Skills - Match of the Day: Can You Kick It?,https://www.youtube.com/watch?v=pzOMvnX4j1Q
How to do a toe bounce- Freestyle Skills - Match of the Day: Can You Kick It?,https://www.youtube.com/watch?v=fDyVTM7eC40
How to do a jump spin - Freestyle Skills - Match of the Day: Can You Kick It?,https://www.youtube.com/watch?v=yp0tXNGDnFg
How to do an 'around the world' - Freestyle Skills - Match of the Day: Can You Kick It?,https://www.youtube.com/watch?v=h_GCV8MnPBs
How to do a heel pop - Freestyle Skills - Match of the Day: Can You Kick It?,https://www.youtube.com/watch?v=RtwtuNAnoE8
How to do a popcorn flick - Freestyle Skills - Match of the Day: Can You Kick It?,https://www.youtube.com/watch?v=-Bkay4KUEt8
Which film makes Tour de France winner Geraint Thomas cry? | BBC Sport,https://www.youtube.com/watch?v=RWOHugtRuNI
Stanley Chow: Football illustrator who has with Edgar Davids Sir Alex Fergsuon as fans - BBC Sport,https://www.youtube.com/watch?v=Hv00Y55MPNc
Next Big Thing - Caroline Dubois - The future of British boxing - BBC Sport,https://www.youtube.com/watch?v=4o4cPp3w5xA
How to be a panna boss -  Three brilliant ways to nutmeg your mates - BBC Sport,https://www.youtube.com/watch?v=-JYeIizof44
Arsenal FC - Have Gunners fans got their Arsenal back under Unai Emery? - BBC Sport,https://www.youtube.com/watch?v=nmHh0KaJdaY
What is panna? Jack Downer explains the art of the nutmeg - The Premier League Show - BBC Sport,https://www.youtube.com/watch?v=2WV6mVxazQw
"First kisses, zombie apocalypse survival & spiders - Random questions with GB Gymnasts  - BBC Sport",https://www.youtube.com/watch?v=SZoCWBdCzpY
"Pep Guardiola: The six songs that define my life, love, football and family | BBC Sport",https://www.youtube.com/watch?v=bJMnHkd5UYs
"Ronaldo, Chiellini, Mandzukic - Is this the best Juventus team of all time? - BBC Sport",https://www.youtube.com/watch?v=q5eGDpYaZBU
The Premier League Show: Five common myths about goalkeeping - BBC Sport,https://www.youtube.com/watch?v=OGiEBsrDjaM
Who is the Premier League's best ever team? | BBC Sport,https://www.youtube.com/watch?v=cB_0jCpOq0Q
Weird workouts with Anthony Joshua and Billy Morgan - BBC Sport,https://www.youtube.com/watch?v=zggFRqgn6Wc
Croatia v England - 1000 miles without a ticket - BBC Sport,https://www.youtube.com/watch?v=CUC_EaWeJzs
In Real Life: What female football fans are bored of hearing - BBC Sport,https://www.youtube.com/watch?v=vfBGfLku7NA
"Nadia Atique: The fashion designer inspired by Liverpool FC, Mo Salah & Jurgen Klopp - BBC Sport",https://www.youtube.com/watch?v=Fim9JqazRbs
In Real Life: Why people love yoga despite the awkward moments - BBC Sport,https://www.youtube.com/watch?v=89xoxbPb2v8
Have Newcastle's 'Ashley generation' had enough? - BBC Sport,https://www.youtube.com/watch?v=VLEPKhjeFtw
In Real Life: Typical 5-a-side football players - BBC Sport,https://www.youtube.com/watch?v=Eyto69rUbbs
In Real Life: The best & worst of 5-a-side football - BBC Sport,https://www.youtube.com/watch?v=H_N81xsulyY
"Teen SM Creps sells to Paul Pogba, Dele Alli & Kevin de Bruyne | BBC Sport",https://www.youtube.com/watch?v=BtVFjZCqlg8
In Real Life: Gym selfies - what people really think - BBC Sport,https://www.youtube.com/watch?v=0cPPmtWTaK0
Can Harry Kane Beat NFL Defenders Too? | BBC Sport,https://www.youtube.com/watch?v=aR3VO2ITRdM
In Real Life: Which type of gym-goer are you? - BBC Sport,https://www.youtube.com/watch?v=RPtwDqmLF7I
KSI v Logan Paul: The biggest fight of 2018 so far? - BBC Sport,https://www.youtube.com/watch?v=gk5qeJFTqto
"New Premier League Rules: WWE walk-ons, nutmegs count double & 'shirts v skins' - BBC Sport",https://www.youtube.com/watch?v=e5dBxnGeK48
TDD: Sergio Ramos to Arsenal? Love Island’s Jack Fowler takes our Transfer Deadline Date- BBC Sport,https://www.youtube.com/watch?v=GxTKmpS_dEY
The Open: Golfer Andrew 'Beef' Johnston trains with boxer Dillian Whyte - BBC Sport,https://www.youtube.com/watch?v=_bAAYBaOxE4
Tennis v Football Freestyle battle – Wimbledon 2018 – BBC Sport,https://www.youtube.com/watch?v=BGxBl26vWsc
World Cup Gossip: England fans descend on Moscow - BBC Sport,https://www.youtube.com/watch?v=BkRR79QjdiI
World Cup 2018: The making of France's Paul Pogba - World Cup Origins - BBC Sport,https://www.youtube.com/watch?v=2SqNA9yP-bA
Tennis or football? - Wimbledon 2018 | BBC Sport,https://www.youtube.com/watch?v=CAPiGvV0F0Y
World Cup 2018: The making of Belgium's Kevin de Bruyne - World Cup Origins - BBC Sport,https://www.youtube.com/watch?v=RTuG-DNnO30
Korobka: Inside Russia's football cages with no refs and no rules - World Cup 2018 - BBC Sport,https://www.youtube.com/watch?v=Q7uApE_gi5s
What is mate and why do so many footballers drink it? - World Cup 2018 - BBC Sport,https://www.youtube.com/watch?v=RFnZ7pp4zw4
World Cup Gossip: How should England approach Belgium game? - BBC Sport,https://www.youtube.com/watch?v=0CW61MY4wMc
"World Cup 2018: Mascot Zabivaka dance-off v Antoine Griezmann, Jesse Lingard & Dele Alli - BBC Sport",https://www.youtube.com/watch?v=_A4Iwnge-IM
On My Head: MOTD pundits face off - World Cup 2018 - BBC Sport,https://www.youtube.com/watch?v=WzWWKjIR5hA
"World Cup Gossip: Surprise package, golden boot & best defender at Russia 2018? - BBC Sport",https://www.youtube.com/watch?v=aNT1qlt2X3o
"World Cup 2018: Cristiano Ronaldo, Paul Pogba, Mo Salah, Kroos & Griezmann in 360 - BBC Sport",https://www.youtube.com/watch?v=Jtol-fRdHDw
"World Cup 2018: Cesc Fabregas spills beans on Spain's Isco, Diego Costa, Iniesta & Pique - BBC Sport",https://www.youtube.com/watch?v=jxVZhJK77QI
David Vujanic predicts the World Cup winners & Raheem Sterling's Gazza moment - BBC Sport,https://www.youtube.com/watch?v=nUBAFUczqGk
World Cup 2018: The making of England's Harry Kane - World Cup Origins - BBC Sport,https://www.youtube.com/watch?v=uy9NhTQMFYk
What would happen if England actually won the World Cup? - BBC Sport,https://www.youtube.com/watch?v=wQFTeF74dyY
World Cup 2018: The making of Uruguay's Luis Suarez - World Cup Origins - BBC Sport,https://www.youtube.com/watch?v=EmT9hu9bmeQ
"World Cup 2018 Gossip: Spain sacking, hungry Ronaldo & Kilbane's consoles - BBC Sport",https://www.youtube.com/watch?v=71-kSdAVe1U
World Cup 2018: Andrey Arshavin wants to take Cesc Fabregas to a Russian nightclub - BBC Sport,https://www.youtube.com/watch?v=jfuYhlUTAv8
A history of World Cup footballs 1930-2018 - with freestyle world champion Liv Cooke - BBC Sport,https://www.youtube.com/watch?v=gx2D_CYcZDg
"Fabregas, Lampard & Drogba: BBC 'announces' superstar World Cup signings - BBC Sport",https://www.youtube.com/watch?v=v-QvnpXKUsc
How do you win a World Cup? Young Lions Kyle Walker-Peters & Ainsley Maitland-Niles know - BBC Sport,https://www.youtube.com/watch?v=GmLvX5hFe_I
FA Cup Stories: Fans react to the FA Cup final 2018 | BBC Sport,https://www.youtube.com/watch?v=yOBGHupRj0Y
Fifa World Cup 2018 launch trailer - BBC Sport,https://www.youtube.com/watch?v=WBxwX1myxqc
FA Cup final date: Chelsea v Man Utd - BBC Sport,https://www.youtube.com/watch?v=sMEV5HkgWbk
The verdict on West Ham United's controversial move to London Stadium | BBC Sport,https://www.youtube.com/watch?v=MvaXOZzLADA
Derby Dates: Man City v Man Utd - Can love conquer football rivalries? - BBC Sport,https://www.youtube.com/watch?v=wjsIiswJXpE
Derby Dates: Everton v Liverpool - Can love conquer football rivalries? - BBC Sport,https://www.youtube.com/watch?v=wNkIuzbJpxA
Wigan 0-2 Southampton - Man City's conquerors fall in quarter-finals | BBC Sport,https://www.youtube.com/watch?v=y4x6WqNHQeg
'Who is the fastest player at Manchester United?' Tekkerz Kid meets Marcus Rashford - BBC Sport,https://www.youtube.com/watch?v=UngIvLJKSz0
Krept & Konan's fantasy football team has Stormzy in goal - BBC Sport,https://www.youtube.com/watch?v=JVU6-cpi8LM
Winter Olympics: How to train like a Team GB bobsledder - BBC Sport,https://www.youtube.com/watch?v=kUskY1N2iUU
Winter Olympics: Team GB heroes Lizzy Yarnold & Laura Deas take our skeleton quiz - BBC Sport,https://www.youtube.com/watch?v=uNVfMhniLtw
"'It's awful being a Coventry City fan, but that's why I love it' | BBC Sport",https://www.youtube.com/watch?v=YoAmgFMHSBo
Winter Olympics: Team GB stars put their South Korea knowledge to the test - BBC Sport,https://www.youtube.com/watch?v=BVA1BbR5imE
Winter Olympics: Watching short track speed skating in South Korea - BBC Sport,https://www.youtube.com/watch?v=F1zY2jywdTQ
Life as an NFL cheerleader with the Philadelphia Eagles | BBC Sport,https://www.youtube.com/watch?v=ARC8T1x0OY0
"Winter Olympics: 'Cherry, cherry pow pow!' and other snowboarding slang - BBC Sport",https://www.youtube.com/watch?v=jdG0PFpxwTc
Winter Olympics: Rowan Cheshire is Team GB's tattoo-addicted halfpipe hopeful - BBC Sport,https://www.youtube.com/watch?v=qv7axZbTv14
Winter Olympics 2018 on the BBC - The Fearless Are Here - BBC Sport,https://www.youtube.com/watch?v=fIZ_sax4aQ8
Ski Sunday's Graham Bell & Chemmy Alcott race Stockholm City Slalom - BBC Sport,https://www.youtube.com/watch?v=_j_86y_8Eic
Winter Olympics: Is Andrew Musgrave Britain's toughest sportsman? - BBC Sport,https://www.youtube.com/watch?v=WQgJZxJa5QQ
Winter Olympics: Team GB's Elise Christie is a big deal in South Korea - BBC Sport,https://www.youtube.com/watch?v=DnvyVFFOhn0
Six Nations: England's Maro Itoje tells the story of his first ever call-up - BBC Sport,https://www.youtube.com/watch?v=jxndXpyAxGw
5 ways to predict the Super Bowl LII result | BBC Sport,https://www.youtube.com/watch?v=qvRfIxDbX84
How to survive Super Bowl LII in sub-zero Minneapolis | BBC Sport,https://www.youtube.com/watch?v=sjL7mZdf41s
"Underdogs, Justin Timberlake & Jay Ajayi's party at the Super Bowl | BBC Sport",https://www.youtube.com/watch?v=F3f7p0NK0A8
FA Cup & chill - Poet & Vuj take on Lawro in predictions - BBC Sport,https://www.youtube.com/watch?v=SjPeZ853s68
NBA London: Legends dunking competition...with biscuits - BBC Sport,https://www.youtube.com/watch?v=m_vs6O3H6LM
How to workout like Olympic champion Sam Quek...in 5 minutes - BBC Sport,https://www.youtube.com/watch?v=8oa1dv1AEXU
Team GB's Sam Quek: How to eat like an Olympic champion - BBC Sport,https://www.youtube.com/watch?v=Jhy7qyRFYCg
Katie McDonnell parkour routine: Putting your email out-of-office on for Christmas - BBC Sport,https://www.youtube.com/watch?v=LNhhSf8R9-E
Jamie Nicholls and Tim Warwood check out the UK dryslope scene - BBC Sport,https://www.youtube.com/watch?v=3acIzynAeBI
The #SPOTY Social,https://www.youtube.com/watch?v=L0ePbn0RHjU
Which celebrities have been tweeting our SPOTY 2017 stars? Part 2 - BBC Sport,https://www.youtube.com/watch?v=GudH0h8HI0A
Manchester Derby: Could City leave rivals United behind? - BBC Sport,https://www.youtube.com/watch?v=nCbA1f8NZq0
#SPOTY2017 candidates guess which celebrities tweeted about them - BBC Sport,https://www.youtube.com/watch?v=Gb1r_CqPWDk
"The boot artist designing for Lukaku, Aubameyang, Drogba and Ronaldinho - BBC Sport",https://www.youtube.com/watch?v=phzFySOWVSg
"Can England's Moeen Ali, Jonny Bairstow & Chris Woakes play street cricket? | BBC Sport",https://www.youtube.com/watch?v=SZdp82MmiGA
Manchester United? Liverpool? Oldham? Can you have a day at the football for £35? - BBC Sport,https://www.youtube.com/watch?v=gY_achozroM
"Ancelotti, Giggs or Dyche at Everton? Three Toffees debate next manager - BBC Sport",https://www.youtube.com/watch?v=quh-vjzha6M
NFL players react to UK viral moments from 2017 - BBC Sport,https://www.youtube.com/watch?v=I92rvuwz6tA
Anthony Joshua: Three gym-loving lads try to match AJ's workout | BBC Sport,https://www.youtube.com/watch?v=suT-vG1kwJo
Team-mates' Tweets: England's Jill Scott & Siobhan Chamberlain - BBC Sport,https://www.youtube.com/watch?v=h9Q5J7tXFT4
"Kevin de Bruyne, Kyle Walker and Ilkay Gundogan get their food cooked by this guy -  BBC Sport",https://www.youtube.com/watch?v=KAjpZ9wNlZk
How life improves with record-breaking race walker Tom Bosworth - BBC Sport,https://www.youtube.com/watch?v=KdmhAuuegvM
Why Manchester City have linked up with Spanish club Girona - BBC Sport,https://www.youtube.com/watch?v=W-DJrJhi4x4
Yannick Bolasie's rap battle with 10-year-old schoolgirl - BBC Sport,https://www.youtube.com/watch?v=Mv2mkLWjC7g
How is Jurgen Klopp doing at Liverpool? Fans and experts' verdict - BBC Sport,https://www.youtube.com/watch?v=Ad07gml6ntQ
Reasons to be cheerful about England qualifying for World Cup 2018 - BBC Sport,https://www.youtube.com/watch?v=02b6Qqn1MGw
"The man that cuts Dele Alli, Kyle Walker and Alex Oxlade-Chamberlain's hair - BBC Sport",https://www.youtube.com/watch?v=jvyJSjDsyeo
Peter Crouch is super honest about being a substitute | BBC Sport,https://www.youtube.com/watch?v=TkRP3kIyoe4
Speed climber Will Bosi races milk-drinkers & biscuit-eaters - BBC Sport,https://www.youtube.com/watch?v=oVs6zcgaQdc
England's Fran Kirby plays 'kerby' with Lionesses team-mate Millie Bright - BBC Sport,https://www.youtube.com/watch?v=jxmpMP2Jl3E
Pape Soare: The Premier League footballer 'lucky to be alive' - BBC Sport,https://www.youtube.com/watch?v=HcUcUle-l7E
Which NFL player is most like Cristiano Ronaldo? | BBC Sport,https://www.youtube.com/watch?v=qcbQCwyFYFI
Team-mates' Tweets: Newcastle United's Jacob Murphy - BBC Sport,https://www.youtube.com/watch?v=sjpn7yC7nTc
Match of the Day's Premier League all-time XI | BBC Sport,https://www.youtube.com/watch?v=7hOaSFP3n0A
Can NFL players play 'proper football'? - BBC Sport,https://www.youtube.com/watch?v=J85V71smwgA
Team-mates' Tweets: Peter Crouch reveals Stoke's Mario Kart king - BBC Sport,https://www.youtube.com/watch?v=3KwA8odlCkA
Transfer Deadline Date: Arsenal fan Marcel from Love Island is #WengerOut - BBC Sport,https://www.youtube.com/watch?v=EIfj6sv18CE
Team-mates' Tweets with Chelsea's Gary Cahill and David Luiz - BBC Sport,https://www.youtube.com/watch?v=jfhcziUyOQw
Celebrity Sledging: Love Island's Marcel v Made In Chelsea's Jamie - BBC Sport,https://www.youtube.com/watch?v=_NW5s0F-CLw
'There's only one Conor McGregor': Mick Konstantin live in Las Vegas - BBC Sport,https://www.youtube.com/watch?v=oUtXp2pGk5A
Conor McGregor's Irish fans descend on Las Vegas for the weigh-ins - BBC Sport,https://www.youtube.com/watch?v=vTkmg5BIBn0
Islam Badurgov: The 'Kazakh Conor McGregor' cashing in on the pre-fight hype - BBC Sport,https://www.youtube.com/watch?v=MkiwQRG8h8o
Al Foran: The case for Conor McGregor by (not the real) Conor McGregor - BBC Sport,https://www.youtube.com/watch?v=t6-sLh_O3JA
Rants N Bants: McGregor has no chance against Mayweather - BBC Sport,https://www.youtube.com/watch?v=_o5g8b-E_jo
Floyd Mayweather v Conor McGregor: 'I've never experienced anything like this' - BBC Sport,https://www.youtube.com/watch?v=5LvhMynu0A0
Floyd Mayweather v Conor McGregor: The fighters' styles explained - BBC Sport,https://www.youtube.com/watch?v=H1CG04HORhs
Floyd Mayweather v Conor McGregor: The trash talk has been epic - BBC Sport,https://www.youtube.com/watch?v=Ni6dkOYSriE
"Ian Wright's predictions: Guardiola, Matic & Liverpool - BBC Sport",https://www.youtube.com/watch?v=3Jima92fJFs
"Danny Murphy's predictions: Man Utd, Lukaku & Huddersfield - BBC Sport",https://www.youtube.com/watch?v=NA4nGZIpoGI
"Alan Shearer's predictions: Man Utd, Kane & Bernardo Silva - BBC Sport",https://www.youtube.com/watch?v=NaR8LS2CYSQ
The Premier League's 25 years in five haircuts - BBC Sport,https://www.youtube.com/watch?v=s2sOWsbOjQc
#MOTD Analysis: Manchester United 4-0 West Ham - BBC Sport,https://www.youtube.com/watch?v=WaMitqElVL8
GB athletes test their voices with 'Silent Karaoke' - BBC Sport,https://www.youtube.com/watch?v=5KwUGNGETrU
World Athletics Championships: Solomon O.B's ode to London 2017 - BBC Sport,https://www.youtube.com/watch?v=dUKLZwT5dGQ
When Usain Bolt partied with Sean Paul - BBC Sport,https://www.youtube.com/watch?v=NLMHfmdhbzQ
"Great Britain's 4x100m relay team talk Love Island, skydiving and pizza toppings - BBC Sport",https://www.youtube.com/watch?v=51DFxdNw_3A
How to work out like Olympic breaststroke champion Adam Peaty - BBC Sport,https://www.youtube.com/watch?v=6teo8XTuDRA
Wimbledon 2017: The best of #bottletopple - BBC Sport,https://www.youtube.com/watch?v=tj6VisqusqA
"Wimbledon 2017: Roger Federer, Rafa Nadal & Angelique Kerber show off drawing skills - BBC Sport",https://www.youtube.com/watch?v=AtKklefDPy8
Wimbledon 2017: Olly Murs and Louisa Johnson go head-to-head - BBC Sport,https://www.youtube.com/watch?v=QuFVJIGFC24
Wimbledon 2017: Spectacular bottle topple at Eastnor Castle - BBC Sport,https://www.youtube.com/watch?v=GDHi5HUXvNs
NFL's Osi Umenyiora goes to Wimbledon | BBC Sport,https://www.youtube.com/watch?v=wU_0G7dLY7k
"Wimbledon 2017: Joe Lycett, Greg James, A.Dot & Nick Bright play 'What the Deuce' - BBC Sport",https://www.youtube.com/watch?v=FFyHOecbCGg
Wimbledon 2017: How to serve with Kristyna Pliskova - BBC Sport,https://www.youtube.com/watch?v=4VHmziRYU3I
"Chris Eubank ""The breeze is stupendous"" Interview | BBC Sport",https://www.youtube.com/watch?v=TUanpGJRsvk
Wayne Rooney: Is a return for the striker good for Everton? Two Toffees can't agree - BBC Sport,https://www.youtube.com/watch?v=tqkWbBHgW2U
Wimbledon 2017: Andy Murray answers hilarious questions from kids - BBC Sport,https://www.youtube.com/watch?v=rkq1pylMW_Q
"Wimbledon 2017: Petra Kvitova, Novak Djokovic & Rafael Nadal have fun with filters - BBC Sport",https://www.youtube.com/watch?v=O0jO1dMp848
Racing driver v Snowboarder: Who's faster? - BBC Sport,https://www.youtube.com/watch?v=V9bCPp8SBVc
Should surfing really be an Olympic sport? - BBC Sport,https://www.youtube.com/watch?v=PE9izwSvpzY
Will Ian Wright have to wear a Chelsea shirt to Wembley? - BBC Sport,https://www.youtube.com/watch?v=IH6kVonQZjg
FA Cup Final: The Road to Wembley in 360 - BBC Sport,https://www.youtube.com/watch?v=t9NJqqA4vHw
Has Liverpool's season been a success? - Match of the Day 3 - BBC Sport,https://www.youtube.com/watch?v=HZ7ztuzHevc
Who will make the top four? - Match of the Day 3 - BBC Sport,https://www.youtube.com/watch?v=da6-5T_JcMQ
"Spurs on the up, Arsenal look mid-table - Match of the Day 3 - BBC Sport",https://www.youtube.com/watch?v=hD1qGhSx4hE
"Nine trick shots, six sports, one snooker table - BBC Sport",https://www.youtube.com/watch?v=h6QMHKkdWu4
Is the title race ON? - Match of the Day 3 - BBC Sport,https://www.youtube.com/watch?v=5qsj86hizsI
Does Lukaku need to work harder? - Match of the Day 3 - BBC Sport,https://www.youtube.com/watch?v=lwzAGuZjx3A
Arsenal will soon struggle to compete with the big boys - Match of the Day 3 - BBC Sport,https://www.youtube.com/watch?v=eUl8D4wzKiE
Happy Mother's Day from James DeGale - BBC Sport,https://www.youtube.com/watch?v=CpYqURdNtJk
Arsene Wenger: Time to go at Arsenal? - BBC Sport,https://www.youtube.com/watch?v=XiLCiA3184M
Match of the Day 3: Why was Man City v Liverpool 'superb'? - BBC Sport,https://www.youtube.com/watch?v=4MDzf0IfhWo
Who would make Blossoms' fantasy football band? - BBC Sport,https://www.youtube.com/watch?v=5d-M2hdF8uU
From university graduate to FA Cup hero - BBC Sport,https://www.youtube.com/watch?v=6ld2QYE38cQ
Katie Ormerod: A day in the life of a freestyle snowboarder - BBC Sport,https://www.youtube.com/watch?v=ddyYwUvI3kM
Swansea's amazing turnaround: how has it happened? - BBC Sport,https://www.youtube.com/watch?v=nkcNU2MUUX4
What's going wrong at Leicester? - Match of the Day 3 - BBC Sport,https://www.youtube.com/watch?v=mRugntvm13A
Jose Mourinho WALKS OUT of BBC interview | BBC Sport,https://www.youtube.com/watch?v=WDuYb-M62Og
The craziness of Super Bowl's opening night - BBC Three on BBC Sport,https://www.youtube.com/watch?v=p49goKVgOWM
Could Nicola Adams headline Las Vegas?- BBC Sport,https://www.youtube.com/watch?v=_NYAf5SgaHw
Footballers' funniest tweets - BBC Sport,https://www.youtube.com/watch?v=QtVnZMMICtc
How Facebook Live went wrong for NFL's Antonio Brown | BBC Sport,https://www.youtube.com/watch?v=b87vZf-MZyw
Everyone's Talking About Diego Costa - BBC Sport,https://www.youtube.com/watch?v=U9PBc-qiy8o
Internet reacts to new Juventus badge - BBC Sport,https://www.youtube.com/watch?v=5udBZlsikCE
Who won the tactical battle between Mourinho & Klopp? - BBC Sport,https://www.youtube.com/watch?v=xpw985eWaJE
Scorcher's Spurs rap - BBC Sport,https://www.youtube.com/watch?v=XJ56NSwtrgw
Fans' verdict on record-breaker Wayne Rooney - BBC Sport,https://www.youtube.com/watch?v=MIb5Kh0SvOg
Five-year-old Bradley wins Match of the Day goal award - BBC Sport,https://www.youtube.com/watch?v=pUhb8v44hnc
Tom Daley meets Robbie Williams - BBC Sport,https://www.youtube.com/watch?v=WCywBH1Qb08
360 video - On the red carpet at Sports Personality - BBC Sport,https://www.youtube.com/watch?v=TRWmzidFE18
Sports Personality: Lutalo Muhammad's awesome red carpet vlog - BBC Sport,https://www.youtube.com/watch?v=Yc4l83K0tQY
Terminally ill Sunderland fan Bradley scores against Chelsea - BBC Sport,https://www.youtube.com/watch?v=XpRRLg7gRfg
Can F1 champion Nico Rosberg change a flat tyre? - BBC Sport,https://www.youtube.com/watch?v=Ke0eVhQ_iqY
Has Mourinho found his best Manchester United line-up? - Match of the Day 3 - BBC Sport,https://www.youtube.com/watch?v=mDWxp9Wx_js
Everyone's Talking About Man City's dodgy defence - BBC Sport,https://www.youtube.com/watch?v=82WHOsEYTP0
Did you know Britain has a karate world champion? - BBC Sport,https://www.youtube.com/watch?v=-FakVZfW3PE
"Team GB talk about style, their bodies and dancing feat. Meg Says - BBC Sport",https://www.youtube.com/watch?v=zZECMQw02UU
Everyone's Talking About Alexis Sanchez - BBC Sport,https://www.youtube.com/watch?v=tp8PCliysos
How newsagent Jarrett Rivers tasted FA Cup glory - BBC Sport,https://www.youtube.com/watch?v=VgXC4ZTSD2c
Everyone's Talking About Swansea 5-4 Crystal Palace - BBC Sport,https://www.youtube.com/watch?v=K4A87Wl_Mcs
Are Arsenal missing Jack Wilshere? - Match of the Day 3 -  BBC Sport,https://www.youtube.com/watch?v=kKeLf1sGKnQ
The boy playing American football with no legs - BBC Sport,https://www.youtube.com/watch?v=rAIsA7soP28
Formula 1: How does a driver's mind work? - BBC Sport,https://www.youtube.com/watch?v=eYVj2FyeG5U
The making of Andre Ayew - BBC Sport,https://www.youtube.com/watch?v=2bLyVJzX2UE
The making of Sadio Mane - BBC Sport,https://www.youtube.com/watch?v=b6ExD5HJu9w
The making of Riyad Mahrez - BBC Sport,https://www.youtube.com/watch?v=TX880ZqSNhw
The making of Pierre-Emerick Aubameyang - BBC Sport,https://www.youtube.com/watch?v=kfKMXw3uNLY
The making of Yaya Toure - BBC Sport,https://www.youtube.com/watch?v=pL0abjFiSaY
The NFL Show's Osi Umenyiora meets Arsenal's Alex Scott | BBC Sport,https://www.youtube.com/watch?v=N80LMzhCyoQ
Is this Victor Moses' moment? - Match of the Day 3 - BBC Sport,https://www.youtube.com/watch?v=qHcLGO5mJss
Everyone's Talking About Yaya Toure - BBC Sport,https://www.youtube.com/watch?v=ICUb3iPCmEw
Football Focus does the Mannequin Challenge - BBC Sport,https://www.youtube.com/watch?v=Vl8F0LDFR4g
NFL's Osi Umenyiora learns how to play cricket with Jason Roy - BBC Sport,https://www.youtube.com/watch?v=wsynJ83vKDQ
Are Liverpool surprising fans? - Match of the Day 3 - BBC Sport,https://www.youtube.com/watch?v=Wlf0AK9mkq4
NFL's Osi takes on Stoke's Cameron and Arnautovic - BBC Sport,https://www.youtube.com/watch?v=9Bxhqcm430I
How to be an FA Cup hero - BBC Sport,https://www.youtube.com/watch?v=YpeOFzX-KbE
The NFL Show's Osi Umenyiora takes on West Ham's Adrian - BBC Sport,https://www.youtube.com/watch?v=fTW4_8Ban8M
Time for Everton's Ross Barkley to grow up? - Match of the Day 3 - BBC Sport,https://www.youtube.com/watch?v=nk_mnNe_-J0
Formula 1: How have F1 cockpits evolved? - BBC Sport,https://www.youtube.com/watch?v=EgTyN6Rnqig
How did Chelsea beat Manchester United? - Match of the Day 3 - BBC Sport,https://www.youtube.com/watch?v=hAbr0kFnpHA
From Man Utd to New York City FC: Meet Jack Harrison | BBC Sport,https://www.youtube.com/watch?v=yeA3Yflg0lM
Danni Wyatt: Diary of an England cricketer - BBC Sport,https://www.youtube.com/watch?v=VSl7Mi7In3o
How Vince Lombardi inspired Crystal Palace manager Alan Pardew - BBC Sport,https://www.youtube.com/watch?v=ttBY1AjWhM0
Liverpool v Man Utd rivalry: A history - BBC Sport,https://www.youtube.com/watch?v=g50gf6JLVgU
Burnley's Tom Heaton learns to catch NFL-style - BBC Sport,https://www.youtube.com/watch?v=WPmY4Yp3FJk
Spurs star Jan Vertonghen gets NFL tips - BBC Sport,https://www.youtube.com/watch?v=9V0-UWTZrKo
Formula 1: How fit does a driver need to be? - BBC Sport,https://www.youtube.com/watch?v=zd2A6-OA5tI
Can the Chelsea keepers do this NFL challenge? | BBC Sport,https://www.youtube.com/watch?v=fHLsGvAgvmE
Bob Bradley and the Premier League's American trailblazers - BBC Sport,https://www.youtube.com/watch?v=RqRIBFsOJIE
How did Tottenham beat Manchester City? - Match of the Day 3 - BBC Sport,https://www.youtube.com/watch?v=5QxXzyRN-D0
Formula 1: What's it like to drive a car in the rain? - BBC Sport,https://www.youtube.com/watch?v=IATFb4rfwjA
What lasted longer than Sam Allardyce as England boss? - BBC Sport,https://www.youtube.com/watch?v=w7lAkt2s0Vw
Pro tips: How to hit the perfect pass - BBC Sport,https://www.youtube.com/watch?v=hUMgCxkQ8xM
Are West Ham 'carrying' too many players? - Match of the Day 3 - BBC Sport,https://www.youtube.com/watch?v=m8Zhe5934lU
Is this the most outrageous hair in sport? - BBC Sport,https://www.youtube.com/watch?v=2mjSms7phl8
Meet the 12-year-old-darts sensation - BBC Sport,https://www.youtube.com/watch?v=cBRdy5douIs
BBC stars compete in 9-dart challenge - BBC Sport,https://www.youtube.com/watch?v=_GzVwla6YAU
Pro tips: How to receive the ball - BBC Sport,https://www.youtube.com/watch?v=iaW6MKhr0ds
Learn how to Bollywood Dance! Part 3 - BBC Sport,https://www.youtube.com/watch?v=uHo6tOyXSs0
Learn how to Bollywood Dance! Part 1 - BBC Sport,https://www.youtube.com/watch?v=3NomZw-KD34
Learn how to Bollywood Dance! Part 4 - BBC Sport,https://www.youtube.com/watch?v=-qV6YcvubAQ
Learn how to Bollywood Dance! Part 2 - BBC Sport,https://www.youtube.com/watch?v=8CdZ6ifznQs
Christian Fuchs dreams of being NFL kicker - BBC Sport,https://www.youtube.com/watch?v=4TBDinI97gk
What's wrong with Man Utd? - Match of the Day 3 - BBC Sport,https://www.youtube.com/watch?v=eNHipJx7AGM
Charlie Sloth's favourite football rappers - BBC Sport,https://www.youtube.com/watch?v=vWcClx5rgC8
Pro tips: How to create space - BBC Sport,https://www.youtube.com/watch?v=0e3pYiscI5k
Roller Derby: The rules - BBC Sport,https://www.youtube.com/watch?v=cjkJfjTe-Ds
Roller Derby: How to hit - BBC Sport,https://www.youtube.com/watch?v=ckkm17f61E4
Roller Derby: How to stop - BBC Sport,https://www.youtube.com/watch?v=5t1ivxDHLdA
Pro tips: How to volley - BBC Sport,https://www.youtube.com/watch?v=huu4G0M7ScA
Paralympics 2016: 3 things about Jonnie Peacock - BBC Sport,https://www.youtube.com/watch?v=JTJatcULM5w
Paralympics 2016: 3 things about Lauren Steadman - BBC Sport,https://www.youtube.com/watch?v=8IXM6VbTeMQ
Paralympics 2016: Pam Relph's rowing crew mates - BBC Sport,https://www.youtube.com/watch?v=nFj1WXc1sO4
Paralympics 2016: Get to know the GB wheelchair basketball team - BBC Sport,https://www.youtube.com/watch?v=LPSaIYROypM
Paralympics 2016: 3 things about David Weir - BBC Sport,https://www.youtube.com/watch?v=RRowFtNTeTY
Paralympics 2016: 3 things about Gordon Reid - BBC Sport,https://www.youtube.com/watch?v=oGSFYZMGCzk
Paralympics 2016: 3 things about Sophie Thornhill & Helen Scott - BBC Sport,https://www.youtube.com/watch?v=OJRKcqR4h8w
Transfer deadline day - Jake Yapp's alternative take - BBC Sport,https://www.youtube.com/watch?v=-As9yNGrOu0
Gary Lineker presents Match of the Day in his pants - BBC Sport,https://www.youtube.com/watch?v=jvWNghDy4Jo
Jazz Carlin’s Rio Postcard - Olympic Games Rio 2016 - BBC Sport,https://www.youtube.com/watch?v=vNAmQQYhSoc
Vicky Thornley and Katherine Grainger's Rio Postcard - Olympic Games Rio 2016 - BBC Sport,https://www.youtube.com/watch?v=X-LzrDP8b1Y
Chris Froome's snake encounter - Olympic Games Rio 2016 - BBC Sport,https://www.youtube.com/watch?v=yoKRcEIbzj4
Getting to know Joe Clarke - Olympic Games Rio 2016 - BBC Sport,https://www.youtube.com/watch?v=zfOlLQWYihA
Daniel Goodfellow's Rio Postcard - Olympic Games Rio 2016 - BBC Sport,https://www.youtube.com/watch?v=mtZup7dLens
Why are the Olympic diving pools green? Olympic Games Rio 2016 - BBC Sport,https://www.youtube.com/watch?v=cR9OAD2ocxE
Fan serenades Usain Bolt at press conference - Olympic Games Rio 2016 - BBC Sport,https://www.youtube.com/watch?v=ZUkFeMaIrGM
Steve Redgrave's Gold Medal Guide - Olympic Games Rio 2016 - BBC Sport,https://www.youtube.com/watch?v=nzysKmCHJl8
Usain Bolt's crazy press conference - Olympic Games Rio 2016 - BBC Sport,https://www.youtube.com/watch?v=PYFK_2tH0Ek
Team GB love and Dr Holland - Olympic Games Rio 2016 - BBC Sport,https://www.youtube.com/watch?v=eH6fnm1WqQs
Meet Dr Holland - Olympic Games Rio 2016 - BBC Sport,https://www.youtube.com/watch?v=4zMcyBiyWXU
Redgrave and Cracknell go head-to-head - Olympic Games Rio 2016 - BBC Sport,https://www.youtube.com/watch?v=H1eOLenog5k
"Skills, fancy dress and bike envy - Olympic Games Rio 2016 - BBC Sport",https://www.youtube.com/watch?v=bjsiI195LG8
Honeymooners and Tom Daley’s Swiss fan club - Olympic Games Rio 2016 - BBC Sport,https://www.youtube.com/watch?v=WtFD-We5AME
Copacabana Studio Tour - Olympic Games Rio 2016 - BBC Sport,https://www.youtube.com/watch?v=f4QMh9k9hkE
Rio 2016 Olympics: Downie sisters' office crazy golf challenge - BBC Sport,https://www.youtube.com/watch?v=vxQYy6HkS60
How To Watch Football In Brazil - Olympic Games Rio 2016 - BBC Sport,https://www.youtube.com/watch?v=4zTUqDQ8En0
Trott answers our silly questions - Olympic Games Rio 2016 - BBC Sport,https://www.youtube.com/watch?v=QU3gSBtCyRw
James Guy answers our silly questions - Olympic Games Rio 2016 - BBC Sport,https://www.youtube.com/watch?v=voCv9gUO2PU
"Smith talks clones, pepperoni & crushes - Olympic Games Rio 2016 - BBC Sport",https://www.youtube.com/watch?v=LD_XKxGXEPI
Olympics First Timer: Gymnast Nile Wilson - Olympic Games Rio 2016 - BBC Sport,https://www.youtube.com/watch?v=sJ1f-oxD42g
"Skills, strength and Beyonce in our Pastel do Dia - Olympic Games Rio 2016 - BBC Sport",https://www.youtube.com/watch?v=LPysQJNE9sg
Rio 2016 Olympics: Lily Owsley and Blue Peter's Lyndsey do keepy-up challenge - BBC Sport,https://www.youtube.com/watch?v=lJQ_klq8eFw
Olympics First Timer: Boxer Galal Yafai - Olympic Games Rio 2016 - BBC Sport,https://www.youtube.com/watch?v=SvikpMlOSog
Pastel do Dia (Pasty of the Day) featuring Vivianne - Olympic Games Rio 2016 - BBC Sport,https://www.youtube.com/watch?v=DM3e2EoQrdY
Olympics First Timer: Skeet Shooter Amber Hill - Olympic Games Rio 2016 - BBC Sport,https://www.youtube.com/watch?v=GACYKRUv6wk
Team GB's Brazilian training camp - Olympic Games Rio 2016 - BBC Sport,https://www.youtube.com/watch?v=gkKzhO-3vQw
Olympics First Timer: BMX star Kyle Evans - Olympic Games Rio 2016 - BBC Sport,https://www.youtube.com/watch?v=7cri_-Qbnd0
Rio 2016 Olympics: Non Stanford and Vicky Holland's transition challenge - BBC Sport,https://www.youtube.com/watch?v=rEtZFr8j7v0
Rio 2016 Olympics: Nile Wilson's Rubik's cube skills - BBC Sport,https://www.youtube.com/watch?v=UMVSzXfOoQ4
Rio 2016 Olympics: Francesca Halsall's 'Barbie Girl' embarrassment - BBC Sport,https://www.youtube.com/watch?v=k7u_MtqSJGE
Sam Allardyce's first appearance as England manager - BBC Sport,https://www.youtube.com/watch?v=akQMtgq7Nvo
Usain Bolt meets Michael Johnson - BBC Sport,https://www.youtube.com/watch?v=t1np3JxsDFs
Sam Allardyce: England manager - BBC Sport,https://www.youtube.com/watch?v=4ZHEuWjK6-U
Rio 2016 Olympics: Katarina Johnson-Thompson's Pop Idol moment - BBC Sport,https://www.youtube.com/watch?v=mM7UUW1l1Mo
Rio 2016 Olympics: 3 things about the Brownlee brothers - BBC Sport,https://www.youtube.com/watch?v=t7_GFLpvdVY
Olympics 2016 on the BBC - The Greatest Show on Earth - BBC Sport,https://www.youtube.com/watch?v=EkRVqn5gZJY
Euro 2016: Fans recreate most memorable moments - BBC Sport,https://www.youtube.com/watch?v=f_-DylHl7Vs
Wimbledon 2016: Incredible tricks feature in #Wimbleskills top 10 - BBC Sport,https://www.youtube.com/watch?v=ph23jAkvHoM
Wimbledon 2016: Tim Henman and Simon Mundie's Geek-Off - BBC Sport,https://www.youtube.com/watch?v=eYgALgiM7sE
Wimbledon 2016: SW19 fans try and match Williams sisters' serves - BBC Sport,https://www.youtube.com/watch?v=MRuyAXZBSTY
Euro 2016: Wales fans get interrupted by Portugal celebrations - BBC Sport,https://www.youtube.com/watch?v=yNFpTNYsgrQ
Wimbledon 2016: Barry Davies' commentary masterclass - BBC Sport,https://www.youtube.com/watch?v=sVyITnIIa2Q
Jose Mourinho arrives at Manchester United - BBC Sport,https://www.youtube.com/watch?v=Mf6SzCHXgmU
Rio 2016 Olympics: Charley Hull's favourite Doctor Who - BBC Sport,https://www.youtube.com/watch?v=FYWgzUF9jDA
Wimbledon 2016: A fans' guide to SW19 - BBC Sport,https://www.youtube.com/watch?v=x4B5SfUvYNM
Euro 2016: Who are the Wales heroes? - BBC Sport,https://www.youtube.com/watch?v=GiJ2t-v-tM8
Wimbledon 2016: Amazing freestyle #Wimbleskills from tennis fans - BBC Sport,https://www.youtube.com/watch?v=bd8-qBrvimc
Wimbledon 2016: Nick Bright's funny Wimbledon Bingo challenge - BBC Sport,https://www.youtube.com/watch?v=gIrtbt0Rr_4
Euro 2016: Release your inner viking! - BBC Sport,https://www.youtube.com/watch?v=T0bncb4tlaM
Wimbledon 2016: Fans explain their SW19 fashion choices - BBC Sport,https://www.youtube.com/watch?v=LtigiyWiaSo
Wimbledon 2016: Dan Evans kicks our #Wimbleskills ball off the roof! - BBC Sport,https://www.youtube.com/watch?v=q_M7pVriN9k
Wimbledon 2016: Radio 1's Greg James and Craig David do #Wimbleskills - BBC Sport,https://www.youtube.com/watch?v=YRiwbTENu1Q
Euro 2016: Him & Me: John Hartson & Neil Lennon - BBC Sport,https://www.youtube.com/watch?v=MhFmclm4xs8
Wimbledon 2016: How to beat the SW19 rain with Jeff Tarango - BBC Sport,https://www.youtube.com/watch?v=7wgvu747SFw
"Wimbledon 2016: F2 Freestylers, Kei Nishikori and Marcus Willis show their skills - BBC Sport",https://www.youtube.com/watch?v=Swf7kQWuYrs
Euro 2016: Bale or Ronaldo? - BBC Sport,https://www.youtube.com/watch?v=1ZteE3ia_zg
Wimbledon 2016: Meet the Marcus Willis superfans - BBC Sport,https://www.youtube.com/watch?v=FlkMk1ReRww
"Wimbledon 2016: F2 Freestylers with Roger Federer, Garbine Muguruza and Andy Murray -  BBC Sport",https://www.youtube.com/watch?v=43fWbgWEjnQ
Wimbledon: Serena Williams career timeline - BBC Sport,https://www.youtube.com/watch?v=CxEfY1rEPbs
Marcus Willis' tips for smashing your Wimbledon debut - BBC Sport,https://www.youtube.com/watch?v=hOzS0Azdp3w
Euro 2016: England fans react to shock defeat to Iceland - BBC Sport,https://www.youtube.com/watch?v=MryuM1oTA9g
Euro 2016: England lose to Iceland reaction | BBC Sport,https://www.youtube.com/watch?v=KTjDxHTlzg0
Wimbledon: Getting to know Garbine Muguruza - BBC Sport,https://www.youtube.com/watch?v=vc4iO7cS3cQ
Euro 2016: England fans try to identify Iceland players - BBC Sport,https://www.youtube.com/watch?v=zo_VlBQvDag
Euro 2016: Is England's Joe Hart the best keeper in Europe? - BBC Sport,https://www.youtube.com/watch?v=ASSI4GoiXN4
Euro 2016: Say What You See - BBC Sport,https://www.youtube.com/watch?v=Yt5Veqju7Mk
Rio 2016 Olympics: 3 things about Dina Asher-Smith - BBC Sport,https://www.youtube.com/watch?v=zSuguk6dKPY
Euro 2016: Fans dress up as stars past & present  - BBC Sport,https://www.youtube.com/watch?v=qSzsPK4sSPA
Euro 2016: Wales fan proposes to English girlfriend - BBC Sport,https://www.youtube.com/watch?v=XPUZPSu8LHQ
Rio 2016 Paralympics: Three things about Tully Kearney - BBC Sport,https://www.youtube.com/watch?v=nld2Q37O-Gw
Euros 2016 - Northern Irish and Irish Football explained - BBC Sport,https://www.youtube.com/watch?v=pX8lqC-uw9Q
Euro 2016: N.Ireland fans try to identify Poland players - BBC Sport,https://www.youtube.com/watch?v=XfmkfNGCX38
Euro 2016: Zlatan Ibrahimovic in one word - BBC Sport,https://www.youtube.com/watch?v=pNZ8_5BVfks
Euro 2016: David Guetta talks football - BBC Sport,https://www.youtube.com/watch?v=hTUjrOf2THs
Adebayor's phone rings during Match of the Day | TV fails | BBC Sport,https://www.youtube.com/watch?v=XI5bf9nV8dQ
When the lights went out on Dan Walker | TV fails | BBC Sport,https://www.youtube.com/watch?v=KjHRXLHzx48
Dan Walker accidently wipes away Wrexham history | TV fails | BBC Sport,https://www.youtube.com/watch?v=lcNethvUwO8
Fire alarm goes off during live Football Focus TV broadcast | TV fails | BBC Sport,https://www.youtube.com/watch?v=i68fVnbWefY
Iain Dowie interrupts Gary Lineker on Match of the Day | TV fails | BBC Sport,https://www.youtube.com/watch?v=OvOWzvoEOW8
Alan Hansen's phone rings during Match of the Day - BBC Sport,https://www.youtube.com/watch?v=GuLJIVWE37U
Workman interrupts BBC's Euro 2016 filming | TV fails | BBC Sport,https://www.youtube.com/watch?v=MK3Mw3Ykj5I
Euro 2016: Players to watch - BBC Sport,https://www.youtube.com/watch?v=svSgxUjTWVo
Euro 2016: Who will win? - BBC Sport,https://www.youtube.com/watch?v=Z4WX7o5efC8
Rio 2016 Olympics: 3 things about Non Stanford & Vicky Holland - BBC Sport,https://www.youtube.com/watch?v=dSZ5NbEgziU
Euro 2016: How will Northern Ireland fare? - BBC Sport,https://www.youtube.com/watch?v=tiqa8toNWwQ
Euro 2016: How will England fare? - BBC Sport,https://www.youtube.com/watch?v=nno9uY0WWqQ
Euro 2016: How will Wales fare? - BBC Sport,https://www.youtube.com/watch?v=SRGcJHP5QBM
Classic Jose Mourinho quotes - BBC Sport,https://www.youtube.com/watch?v=uhUZ9czEZ2E
Rio 2016 Olympics: 3 things about Nicola Adams - BBC Sport,https://www.youtube.com/watch?v=R5EVQbo291g
Euro 2016: Match of the Day pundits attempt to speak French - BBC Sport,https://www.youtube.com/watch?v=LntgjFmGFM4
"Euro 2016 on the BBC - Liberté, Égalité, Footé - BBC Sport",https://www.youtube.com/watch?v=-zDXxQpuRCg
20-year-olds react to... Euro 96 - BBC Sport,https://www.youtube.com/watch?v=ZPhYH20ESzk
20-year-olds react to... Match of the Day pundits as players - BBC Sport,https://www.youtube.com/watch?v=iUlkCr7SoPI
20-year-olds react to... Terrible football kits - BBC Sport,https://www.youtube.com/watch?v=0FBo4No5gHk
Rio 2016 Olympics: 3 things about Laura Trott  - BBC Sport,https://www.youtube.com/watch?v=agdMnX0-lRo
Louis van Gaal's funniest quotes - BBC Sport,https://www.youtube.com/watch?v=cfpN_8U18SU
Who scouts players for Football Manager? - BBC Sport,https://www.youtube.com/watch?v=4zY9eZJPlGQ
Wembley Stadium FA Cup magic trick - BBC Sport,https://www.youtube.com/watch?v=7nL-_w4KuMI
360-degree behind the scenes at Wembley - FA Cup semi-final - BBC Sport,https://www.youtube.com/watch?v=EsV-PDPbjT4
"Top 5 FA Cup dribbles ft Giggs, Ginola & Ljungberg | FA Cup Throwback",https://www.youtube.com/watch?v=HJ5csarW--Y
"Top 5 FA Cup free-kicks feat. Gazza, Stuart Pearce & Chris Waddle",https://www.youtube.com/watch?v=tim6RNmPeHs
Top 5 FA Cup headers feat. Ben Watson | FA Cup Throwback,https://www.youtube.com/watch?v=s3AyovPjqdA
Top 5 FA Cup saves feat. Schmeichel & Seaman | FA Cup Throwback,https://www.youtube.com/watch?v=u9ypVHnr1cU
"Top 5 FA Cup volleys feat. Cantona, Sinclair & Thomas | FA Cup Throwback",https://www.youtube.com/watch?v=LM-TBbuhH4A
Fifa 16 legend Adebayo Akinfenwa meets BBC Sport,https://www.youtube.com/watch?v=ceb_ZVQfjo4
